tipo_sorteo,sorteo_id,fecha,n1,n2,n3,n4,n5,superbalota
Revancha,2622,24/06/2026,8,17,31,36,41,8
Baloto,2622,24/06/2026,12,14,30,36,43,14
Revancha,2622,22/06/2026,4,10,20,27,33,1
Baloto,2622,22/06/2026,8,12,16,28,33,14
Revancha,2622,20/06/2026,8,17,26,29,32,7
Baloto,2622,20/06/2026,31,34,37,38,43,14
Revancha,2622,17/06/2026,7,12,19,34,35,9
Baloto,2622,17/06/2026,16,20,34,37,39,13
Revancha,2621,15/06/2026,18,24,32,37,39,9
Baloto,2621,15/06/2026,4,13,16,22,31,11
Revancha,2620,13/06/2026,22,35,37,38,42,12
Baloto,2620,13/06/2026,13,18,26,28,29,10
Revancha,2619,10/06/2026,7,14,22,35,41,6
Baloto,2619,10/06/2026,3,5,17,18,27,7
Revancha,2618,08/06/2026,14,26,30,37,39,2
Baloto,2618,08/06/2026,6,8,9,32,40,13
Revancha,2617,06/06/2026,5,15,19,28,32,1
Baloto,2617,06/06/2026,7,11,25,32,36,8
Revancha,2616,03/06/2026,26,29,35,38,41,11
Baloto,2616,03/06/2026,4,12,13,31,35,9
Revancha,2615,30/05/2026,2,10,33,34,35,7
Baloto,2615,30/05/2026,8,11,13,17,34,1
Revancha,2614,27/05/2026,8,22,23,31,40,1
Baloto,2614,27/05/2026,1,12,37,41,43,2
Revancha,2613,23/05/2026,11,12,21,29,41,10
Baloto,2613,23/05/2026,5,14,27,32,41,13
Revancha,2612,20/05/2026,2,7,14,26,32,14
Baloto,2612,20/05/2026,5,6,12,17,32,12
Revancha,2611,16/05/2026,7,8,10,30,39,10
Baloto,2611,16/05/2026,2,7,10,38,41,4
Revancha,2610,13/05/2026,4,17,18,25,43,3
Baloto,2610,13/05/2026,13,15,16,20,42,8
Revancha,2609,09/05/2026,2,9,23,30,41,6
Baloto,2609,09/05/2026,2,6,35,37,40,13
Revancha,2608,06/05/2026,1,2,6,28,41,5
Baloto,2608,06/05/2026,11,17,21,36,41,7
Revancha,2607,02/05/2026,7,8,9,15,33,13
Baloto,2607,02/05/2026,11,12,21,26,34,14
Revancha,2606,29/04/2026,4,9,28,37,41,13
Baloto,2606,29/04/2026,13,16,26,36,40,13
Revancha,2605,25/04/2026,11,21,22,34,39,14
Baloto,2605,25/04/2026,1,2,3,10,27,12
Revancha,2604,22/04/2026,17,18,20,27,43,8
Baloto,2604,22/04/2026,1,15,24,26,42,10
Revancha,2603,18/04/2026,8,13,23,30,31,14
Baloto,2603,18/04/2026,14,15,25,30,36,4
Revancha,2602,15/04/2026,3,19,33,38,43,14
Baloto,2602,15/04/2026,7,32,35,40,41,15
Revancha,2601,11/04/2026,2,6,7,40,42,14
Baloto,2601,11/04/2026,19,25,28,41,43,10
Revancha,2600,08/04/2026,11,12,24,36,39,14
Baloto,2600,08/04/2026,8,12,22,30,34,14
Revancha,2599,04/04/2026,23,27,30,35,42,14
Baloto,2599,04/04/2026,2,8,20,24,33,16
Revancha,2598,01/04/2026,1,13,14,23,37,12
Baloto,2598,01/04/2026,11,13,14,27,35,13
Revancha,2597,28/03/2026,7,9,29,38,41,2
Baloto,2597,28/03/2026,8,17,21,27,32,1
Revancha,2596,25/03/2026,1,10,21,30,43,5
Baloto,2596,25/03/2026,1,5,13,36,39,5
Revancha,2595,21/03/2026,11,23,28,31,35,13
Baloto,2595,21/03/2026,11,13,20,22,23,14
Revancha,2594,18/03/2026,4,6,12,17,43,14
Baloto,2594,18/03/2026,6,20,26,27,29,7
Revancha,2593,14/03/2026,5,6,10,12,41,9
Baloto,2593,14/03/2026,2,4,14,18,28,9
Revancha,2592,11/03/2026,4,24,25,28,39,16
Baloto,2592,11/03/2026,10,14,21,31,41,2
Revancha,2591,07/03/2026,3,8,18,30,35,5
Baloto,2591,07/03/2026,14,21,22,32,39,16
Revancha,2590,04/03/2026,7,13,22,26,28,3
Baloto,2590,04/03/2026,6,7,30,35,42,6
Revancha,2589,28/02/2026,6,23,25,30,43,15
Baloto,2589,28/02/2026,5,11,25,26,37,8
Revancha,2588,25/02/2026,1,7,10,16,36,10
Baloto,2588,25/02/2026,3,17,29,33,40,2
Revancha,2587,21/02/2026,6,21,24,33,40,14
Baloto,2587,21/02/2026,9,26,27,29,40,12
Revancha,2586,18/02/2026,3,8,24,32,37,10
Baloto,2586,18/02/2026,17,29,30,31,42,5
Revancha,2585,14/02/2026,5,6,23,24,37,6
Baloto,2585,14/02/2026,5,11,19,21,30,9
Revancha,2584,11/02/2026,6,10,20,32,36,4
Baloto,2584,11/02/2026,7,10,32,37,41,1
Revancha,2583,07/02/2026,3,14,16,25,40,3
Baloto,2583,07/02/2026,9,19,22,24,29,14
Revancha,2582,04/02/2026,10,11,33,34,42,11
Baloto,2582,04/02/2026,6,10,15,30,41,7
Revancha,2581,31/01/2026,3,19,25,31,38,6
Baloto,2581,31/01/2026,7,10,22,27,33,1
Revancha,2580,28/01/2026,13,21,23,26,33,5
Baloto,2580,28/01/2026,1,6,19,20,23,13
Revancha,2579,24/01/2026,3,4,6,31,37,11
Baloto,2579,24/01/2026,3,13,16,36,41,9
Revancha,2578,21/01/2026,1,5,14,20,39,7
Baloto,2578,21/01/2026,2,11,16,19,35,4
Revancha,2577,17/01/2026,5,7,18,24,39,11
Baloto,2577,17/01/2026,4,11,24,28,42,7
Revancha,2576,14/01/2026,21,26,30,31,42,13
Baloto,2576,14/01/2026,4,12,15,26,40,3
Revancha,2575,10/01/2026,6,9,18,25,34,7
Baloto,2575,10/01/2026,15,20,28,33,37,6
Revancha,2574,07/01/2026,1,26,28,30,36,9
Baloto,2574,07/01/2026,3,4,12,39,42,6
Revancha,2573,03/01/2026,1,8,19,29,42,5
Baloto,2573,03/01/2026,9,20,27,31,34,11
Revancha,2572,31/12/2025,1,10,12,27,37,16
Baloto,2572,31/12/2025,2,6,10,16,24,3
Revancha,2571,27/12/2025,5,31,38,39,43,6
Baloto,2571,27/12/2025,2,4,24,25,28,4
Revancha,2570,24/12/2025,4,8,9,14,15,5
Baloto,2570,24/12/2025,10,19,27,30,36,8
Revancha,2569,20/12/2025,4,8,9,23,24,5
Baloto,2569,20/12/2025,1,2,14,24,36,16
Revancha,2568,17/12/2025,6,15,16,34,37,12
Baloto,2568,17/12/2025,6,15,25,35,38,14
Revancha,2567,13/12/2025,25,27,32,35,36,16
Baloto,2567,13/12/2025,9,22,39,41,42,8
Revancha,2566,10/12/2025,21,23,28,31,32,14
Baloto,2566,10/12/2025,6,9,10,12,21,13
Revancha,2565,06/12/2025,5,8,28,31,37,9
Baloto,2565,06/12/2025,1,10,21,25,42,15
Revancha,2564,03/12/2025,17,18,24,32,43,3
Baloto,2564,03/12/2025,19,20,23,40,43,4
Revancha,2563,29/11/2025,12,22,28,34,39,5
Baloto,2563,29/11/2025,3,6,10,12,39,14
Revancha,2562,26/11/2025,5,8,22,23,40,12
Baloto,2562,26/11/2025,7,8,11,15,32,10
Revancha,2561,22/11/2025,15,19,23,25,42,4
Baloto,2561,22/11/2025,1,2,15,25,28,5
Revancha,2560,19/11/2025,7,19,27,33,35,5
Baloto,2560,19/11/2025,2,3,8,35,41,4
Revancha,2559,15/11/2025,4,10,16,22,31,9
Baloto,2559,15/11/2025,9,11,29,31,37,10
Revancha,2558,12/11/2025,1,6,7,22,35,7
Baloto,2558,12/11/2025,6,9,10,16,18,1
Revancha,2557,08/11/2025,1,2,8,25,42,2
Baloto,2557,08/11/2025,1,7,9,34,39,4
Revancha,2556,05/11/2025,5,10,16,28,30,13
Baloto,2556,05/11/2025,2,11,12,20,26,7
Revancha,2555,01/11/2025,12,13,32,37,42,10
Baloto,2555,01/11/2025,6,12,30,31,32,6
Revancha,2554,29/10/2025,10,15,24,28,29,5
Baloto,2554,29/10/2025,14,18,21,38,41,13
Revancha,2553,25/10/2025,14,29,36,39,41,8
Baloto,2553,25/10/2025,7,25,35,38,43,9
Revancha,2552,22/10/2025,12,15,17,18,23,1
Baloto,2552,22/10/2025,4,19,21,40,41,1
Revancha,2551,18/10/2025,6,9,17,21,36,14
Baloto,2551,18/10/2025,1,23,39,41,42,12
Revancha,2550,15/10/2025,4,14,16,35,42,4
Baloto,2550,15/10/2025,3,9,10,18,41,9
Revancha,2549,11/10/2025,3,11,15,16,35,10
Baloto,2549,11/10/2025,15,18,19,20,36,4
Revancha,2548,08/10/2025,1,30,33,34,38,9
Baloto,2548,08/10/2025,1,11,12,14,37,7
Revancha,2547,04/10/2025,25,26,29,33,36,9
Baloto,2547,04/10/2025,5,26,32,33,35,6
Revancha,2546,01/10/2025,3,4,9,19,37,7
Baloto,2546,01/10/2025,2,11,33,34,39,9
Revancha,2545,27/09/2025,5,8,28,31,41,14
Baloto,2545,27/09/2025,17,23,24,27,36,15
Revancha,2544,24/09/2025,3,9,10,13,35,7
Baloto,2544,24/09/2025,5,20,22,35,40,16
Revancha,2543,20/09/2025,3,13,29,38,42,4
Baloto,2543,20/09/2025,6,7,9,39,41,4
Revancha,2542,17/09/2025,14,16,18,38,42,13
Baloto,2542,17/09/2025,22,24,34,38,39,12
Revancha,2541,13/09/2025,1,7,8,20,43,5
Baloto,2541,13/09/2025,12,17,24,28,32,11
Revancha,2540,10/09/2025,14,18,19,31,39,4
Baloto,2540,10/09/2025,1,3,4,12,43,11
Revancha,2539,06/09/2025,16,18,23,24,27,11
Baloto,2539,06/09/2025,4,20,28,33,42,4
Revancha,2538,03/09/2025,15,22,28,31,41,2
Baloto,2538,03/09/2025,4,6,25,27,34,10
Revancha,2537,30/08/2025,2,10,13,28,40,7
Baloto,2537,30/08/2025,3,8,9,15,26,9
Revancha,2536,27/08/2025,12,13,33,38,40,5
Baloto,2536,27/08/2025,13,16,28,31,43,4
Revancha,2535,23/08/2025,8,12,16,18,33,9
Baloto,2535,23/08/2025,6,16,28,32,40,5
Revancha,2534,20/08/2025,1,19,28,31,39,10
Baloto,2534,20/08/2025,1,4,16,22,33,14
Revancha,2533,16/08/2025,2,7,8,9,10,12
Baloto,2533,16/08/2025,9,21,26,32,36,13
Revancha,2532,13/08/2025,8,13,18,31,43,14
Baloto,2532,13/08/2025,3,9,22,26,27,6
Revancha,2531,09/08/2025,1,8,13,19,23,2
Baloto,2531,09/08/2025,9,11,23,29,43,14
Revancha,2530,06/08/2025,7,12,18,28,35,15
Baloto,2530,06/08/2025,15,20,24,26,31,12
Revancha,2529,02/08/2025,1,8,10,27,32,9
Baloto,2529,02/08/2025,6,13,32,33,34,5
Revancha,2528,30/07/2025,1,7,12,23,26,14
Baloto,2528,30/07/2025,1,7,20,22,23,12
Revancha,2527,26/07/2025,1,4,23,32,40,15
Baloto,2527,26/07/2025,3,14,20,33,42,15
Revancha,2526,23/07/2025,1,14,17,19,31,13
Baloto,2526,23/07/2025,8,16,19,22,35,10
Revancha,2525,19/07/2025,11,24,25,28,32,4
Baloto,2525,19/07/2025,5,9,23,24,33,2
Revancha,2524,16/07/2025,11,15,29,34,39,6
Baloto,2524,16/07/2025,1,16,23,28,35,2
Revancha,2523,12/07/2025,1,8,26,33,35,7
Baloto,2523,12/07/2025,1,9,28,31,33,16
Revancha,2522,09/07/2025,4,6,11,19,37,16
Baloto,2522,09/07/2025,5,6,21,27,41,8
Revancha,2521,05/07/2025,6,15,20,34,41,10
Baloto,2521,05/07/2025,18,19,23,30,33,14
Revancha,2520,02/07/2025,12,16,27,30,39,15
Baloto,2520,02/07/2025,4,10,18,25,37,12
Revancha,2519,28/06/2025,1,10,17,33,43,5
Baloto,2519,28/06/2025,26,31,35,36,39,5
Revancha,2518,25/06/2025,4,11,12,21,25,12
Baloto,2518,25/06/2025,18,19,36,37,39,4
Revancha,2517,21/06/2025,7,20,32,34,38,12
Baloto,2517,21/06/2025,1,7,8,15,25,6
Revancha,2516,18/06/2025,10,15,18,22,24,9
Baloto,2516,18/06/2025,5,22,27,36,41,3
Revancha,2515,14/06/2025,5,8,16,18,39,4
Baloto,2515,14/06/2025,10,21,25,27,28,1
Revancha,2514,11/06/2025,33,37,39,42,43,6
Baloto,2514,11/06/2025,5,13,18,41,42,12
Revancha,2513,07/06/2025,6,10,17,28,35,7
Baloto,2513,07/06/2025,11,17,25,26,42,15
Revancha,2512,04/06/2025,5,9,18,28,40,9
Baloto,2512,04/06/2025,9,14,36,38,39,12
Revancha,2511,31/05/2025,3,10,13,16,20,7
Baloto,2511,31/05/2025,7,14,33,35,39,2
Revancha,2510,28/05/2025,9,21,32,34,37,12
Baloto,2510,28/05/2025,3,16,19,20,34,15
Revancha,2509,24/05/2025,11,24,28,35,43,1
Baloto,2509,24/05/2025,3,6,8,17,36,10
Revancha,2508,21/05/2025,9,11,14,37,42,3
Baloto,2508,21/05/2025,1,8,21,29,36,2
Revancha,2507,17/05/2025,8,12,14,39,43,6
Baloto,2507,17/05/2025,5,34,35,38,42,4
Revancha,2506,14/05/2025,2,12,26,35,36,16
Baloto,2506,14/05/2025,7,9,20,21,37,3
Revancha,2505,10/05/2025,12,25,31,38,42,14
Baloto,2505,10/05/2025,2,18,31,37,38,4
Revancha,2504,07/05/2025,6,8,32,42,43,8
Baloto,2504,07/05/2025,18,24,29,41,42,1
Revancha,2503,03/05/2025,6,25,30,42,43,13
Baloto,2503,03/05/2025,16,20,26,32,39,6
Revancha,2502,30/04/2025,3,10,16,26,41,4
Baloto,2502,30/04/2025,4,8,22,33,42,14
Revancha,2501,26/04/2025,4,7,11,23,31,6
Baloto,2501,26/04/2025,7,10,24,25,37,14
Revancha,2500,23/04/2025,10,13,14,19,31,1
Baloto,2500,23/04/2025,9,11,30,37,42,15
Revancha,2499,19/04/2025,4,7,9,21,38,10
Baloto,2499,19/04/2025,5,13,19,26,34,13
Revancha,2498,16/04/2025,22,26,28,31,36,12
Baloto,2498,16/04/2025,11,20,26,32,43,1
Revancha,2497,12/04/2025,4,10,14,15,22,6
Baloto,2497,12/04/2025,14,19,25,32,41,2
Revancha,2496,09/04/2025,8,18,20,33,37,16
Baloto,2496,09/04/2025,3,10,19,39,43,11
Revancha,2495,05/04/2025,10,15,19,30,32,5
Baloto,2495,05/04/2025,1,7,26,30,35,11
Revancha,2494,02/04/2025,9,21,24,25,28,8
Baloto,2494,02/04/2025,1,4,20,37,38,7
Revancha,2493,29/03/2025,8,9,21,24,37,13
Baloto,2493,29/03/2025,6,8,17,19,22,7
Revancha,2492,26/03/2025,15,25,28,36,42,8
Baloto,2492,26/03/2025,5,22,37,39,42,13
Revancha,2491,22/03/2025,6,22,32,35,41,8
Baloto,2491,22/03/2025,8,15,17,31,43,5
Revancha,2490,19/03/2025,2,11,21,25,28,9
Baloto,2490,19/03/2025,6,11,14,16,43,4
Revancha,2489,15/03/2025,8,11,29,31,43,8
Baloto,2489,15/03/2025,6,9,20,32,36,15
Revancha,2488,12/03/2025,10,13,19,34,39,2
Baloto,2488,12/03/2025,7,23,28,31,43,13
Revancha,2487,08/03/2025,15,26,32,39,40,3
Baloto,2487,08/03/2025,2,3,21,24,41,15
Revancha,2486,05/03/2025,1,13,27,33,43,11
Baloto,2486,05/03/2025,16,18,24,29,34,16
Revancha,2485,01/03/2025,1,2,9,26,30,4
Baloto,2485,01/03/2025,4,22,23,25,40,4
Revancha,2484,26/02/2025,16,21,22,24,43,13
Baloto,2484,26/02/2025,22,28,31,32,39,11
Revancha,2483,22/02/2025,1,7,14,25,34,9
Baloto,2483,22/02/2025,1,4,18,38,43,2
Revancha,2482,19/02/2025,2,16,31,32,38,4
Baloto,2482,19/02/2025,5,6,8,18,25,11
Revancha,2481,15/02/2025,6,7,11,40,41,10
Baloto,2481,15/02/2025,4,12,13,17,27,15
Revancha,2480,12/02/2025,8,14,29,33,37,6
Baloto,2480,12/02/2025,9,12,13,24,32,6
Revancha,2479,08/02/2025,19,27,28,34,42,6
Baloto,2479,08/02/2025,1,5,7,11,32,14
Revancha,2478,05/02/2025,10,14,18,20,26,1
Baloto,2478,05/02/2025,6,7,20,27,38,12
Revancha,2477,01/02/2025,17,20,28,33,35,13
Baloto,2477,01/02/2025,6,13,28,34,38,6
Revancha,2476,29/01/2025,1,6,8,25,42,13
Baloto,2476,29/01/2025,10,16,17,30,39,6
Revancha,2475,25/01/2025,2,3,24,31,41,5
Baloto,2475,25/01/2025,4,16,25,28,42,8
Revancha,2474,22/01/2025,17,23,32,33,41,12
Baloto,2474,22/01/2025,8,11,13,25,37,14
Revancha,2473,18/01/2025,5,20,27,38,42,2
Baloto,2473,18/01/2025,24,25,26,27,32,16
Revancha,2472,15/01/2025,1,10,13,31,33,12
Baloto,2472,15/01/2025,5,22,31,36,39,5
Revancha,2471,11/01/2025,17,19,20,25,30,13
Baloto,2471,11/01/2025,10,20,35,36,39,6
Revancha,2470,08/01/2025,2,10,25,28,31,3
Baloto,2470,08/01/2025,11,28,29,31,33,14
Revancha,2469,04/01/2025,6,18,24,26,31,13
Baloto,2469,04/01/2025,19,20,29,37,41,7
Revancha,2468,01/01/2025,12,13,16,28,39,8
Baloto,2468,01/01/2025,6,20,28,30,33,6
Revancha,2467,28/12/2024,6,12,14,36,38,8
Baloto,2467,28/12/2024,4,10,13,14,41,5
Revancha,2466,25/12/2024,1,5,29,32,41,3
Baloto,2466,25/12/2024,15,21,25,34,39,6
Revancha,2465,21/12/2024,4,14,16,35,43,8
Baloto,2465,21/12/2024,2,15,19,22,42,11
Revancha,2464,18/12/2024,3,9,18,21,42,14
Baloto,2464,18/12/2024,3,16,29,39,42,11
Revancha,2463,14/12/2024,10,13,19,25,32,7
Baloto,2463,14/12/2024,4,6,9,16,40,12
Revancha,2462,11/12/2024,2,8,16,20,40,14
Baloto,2462,11/12/2024,1,15,33,38,41,8
Revancha,2461,07/12/2024,2,22,29,38,39,13
Baloto,2461,07/12/2024,12,21,31,41,43,3
Revancha,2460,04/12/2024,9,21,25,39,41,11
Baloto,2460,04/12/2024,7,11,17,35,37,4
Revancha,2459,30/11/2024,3,5,14,20,27,16
Baloto,2459,30/11/2024,5,15,18,42,43,12
Revancha,2458,27/11/2024,1,14,21,25,42,15
Baloto,2458,27/11/2024,1,7,12,21,23,13
Revancha,2457,23/11/2024,8,15,26,28,35,7
Baloto,2457,23/11/2024,13,21,36,40,41,7
Revancha,2456,20/11/2024,3,7,11,27,33,11
Baloto,2456,20/11/2024,5,7,13,15,43,6
Revancha,2455,16/11/2024,1,2,6,13,27,11
Baloto,2455,16/11/2024,4,13,16,24,25,8
Revancha,2454,13/11/2024,4,20,25,29,39,1
Baloto,2454,13/11/2024,4,29,34,41,42,4
Revancha,2453,09/11/2024,3,12,14,23,35,7
Baloto,2453,09/11/2024,1,5,10,18,43,15
Revancha,2452,06/11/2024,8,12,19,26,35,6
Baloto,2452,06/11/2024,2,9,11,18,31,4
Revancha,2451,02/11/2024,5,6,16,36,43,15
Baloto,2451,02/11/2024,9,21,30,32,43,15
Revancha,2450,30/10/2024,1,3,13,17,26,4
Baloto,2450,30/10/2024,2,5,25,30,41,11
Revancha,2449,26/10/2024,11,14,17,29,33,2
Baloto,2449,26/10/2024,5,7,21,24,33,14
Revancha,2448,23/10/2024,5,14,27,32,43,4
Baloto,2448,23/10/2024,11,16,18,35,41,10
Revancha,2447,19/10/2024,7,12,26,37,43,2
Baloto,2447,19/10/2024,12,16,28,30,40,13
Revancha,2446,16/10/2024,12,20,23,26,40,14
Baloto,2446,16/10/2024,3,6,19,37,42,15
Revancha,2445,12/10/2024,22,30,32,34,37,15
Baloto,2445,12/10/2024,1,5,10,26,29,8
Revancha,2444,09/10/2024,13,18,30,33,38,7
Baloto,2444,09/10/2024,11,31,37,39,43,10
Revancha,2443,05/10/2024,5,9,14,20,25,14
Baloto,2443,05/10/2024,8,9,11,27,35,16
Revancha,2442,02/10/2024,1,11,21,27,34,13
Baloto,2442,02/10/2024,4,5,30,34,43,12
Revancha,2441,28/09/2024,5,14,15,19,25,10
Baloto,2441,28/09/2024,2,3,12,32,39,7
Revancha,2440,25/09/2024,6,7,11,20,41,6
Baloto,2440,25/09/2024,7,13,22,31,37,15
Revancha,2439,21/09/2024,5,14,25,26,35,13
Baloto,2439,21/09/2024,10,22,37,39,41,13
Revancha,2438,18/09/2024,2,3,21,37,38,5
Baloto,2438,18/09/2024,15,22,26,27,28,10
Revancha,2437,14/09/2024,1,9,20,32,37,12
Baloto,2437,14/09/2024,2,14,27,29,36,12
Revancha,2436,11/09/2024,6,13,21,22,30,14
Baloto,2436,11/09/2024,14,15,31,34,38,15
Revancha,2435,07/09/2024,10,26,31,33,42,8
Baloto,2435,07/09/2024,19,23,26,38,42,1
Revancha,2434,04/09/2024,1,9,17,35,39,10
Baloto,2434,04/09/2024,13,17,18,20,22,7
Revancha,2433,31/08/2024,3,5,7,8,24,7
Baloto,2433,31/08/2024,6,18,33,35,42,8
Revancha,2432,28/08/2024,5,6,17,23,42,10
Baloto,2432,28/08/2024,2,12,18,25,29,8
Revancha,2431,24/08/2024,24,27,28,30,32,11
Baloto,2431,24/08/2024,22,28,30,33,40,15
Revancha,2430,21/08/2024,15,19,23,29,34,2
Baloto,2430,21/08/2024,6,9,17,24,36,3
Revancha,2429,17/08/2024,14,20,25,28,37,6
Baloto,2429,17/08/2024,13,14,15,16,29,13
Revancha,2428,14/08/2024,18,26,31,32,38,2
Baloto,2428,14/08/2024,12,21,24,30,34,16
Revancha,2427,10/08/2024,11,24,25,33,42,16
Baloto,2427,10/08/2024,6,14,31,40,43,3
Revancha,2426,07/08/2024,9,18,33,38,41,16
Baloto,2426,07/08/2024,10,16,19,21,35,2
Revancha,2425,03/08/2024,3,16,28,39,41,7
Baloto,2425,03/08/2024,9,13,24,25,35,11
Revancha,2424,31/07/2024,5,8,28,34,40,5
Baloto,2424,31/07/2024,16,20,24,30,43,6
Revancha,2423,27/07/2024,8,9,22,25,42,7
Baloto,2423,27/07/2024,2,7,12,13,17,1
Revancha,2422,24/07/2024,12,16,17,22,36,6
Baloto,2422,24/07/2024,2,3,12,13,19,8
Revancha,2421,20/07/2024,10,13,19,29,41,12
Baloto,2421,20/07/2024,1,2,5,23,24,4
Revancha,2420,17/07/2024,12,14,22,25,26,1
Baloto,2420,17/07/2024,14,15,16,30,40,16
Revancha,2419,13/07/2024,1,3,15,30,32,8
Baloto,2419,13/07/2024,11,20,22,27,40,4
Revancha,2418,10/07/2024,22,30,37,38,39,11
Baloto,2418,10/07/2024,5,13,22,41,43,16
Revancha,2417,06/07/2024,4,16,28,33,36,12
Baloto,2417,06/07/2024,1,24,34,38,43,5
Revancha,2416,03/07/2024,10,20,22,31,39,10
Baloto,2416,03/07/2024,20,23,33,38,42,5
Revancha,2415,29/06/2024,3,4,9,20,38,14
Baloto,2415,29/06/2024,12,27,29,31,40,8
Revancha,2414,26/06/2024,9,17,33,37,41,12
Baloto,2414,26/06/2024,1,5,7,38,39,7
Revancha,2413,22/06/2024,2,22,30,34,42,7
Baloto,2413,22/06/2024,7,25,28,30,40,11
Revancha,2412,19/06/2024,7,15,26,27,40,1
Baloto,2412,19/06/2024,4,5,7,19,36,13
Revancha,2411,15/06/2024,4,20,29,40,41,14
Baloto,2411,15/06/2024,3,4,5,21,25,5
Revancha,2410,12/06/2024,7,8,29,38,41,3
Baloto,2410,12/06/2024,5,16,22,34,39,15
Revancha,2409,08/06/2024,7,16,17,22,31,2
Baloto,2409,08/06/2024,2,28,31,38,41,11
Revancha,2408,05/06/2024,5,7,20,22,41,1
Baloto,2408,05/06/2024,5,13,15,16,28,6
Revancha,2407,01/06/2024,6,13,22,26,37,1
Baloto,2407,01/06/2024,18,21,27,29,35,1
Revancha,2406,29/05/2024,3,15,24,32,34,2
Baloto,2406,29/05/2024,8,18,21,27,28,15
Revancha,2405,25/05/2024,1,28,30,36,42,2
Baloto,2405,25/05/2024,2,13,18,34,35,9
Revancha,2404,22/05/2024,5,9,17,37,38,8
Baloto,2404,22/05/2024,13,36,37,39,43,6
Revancha,2403,18/05/2024,8,18,32,33,37,6
Baloto,2403,18/05/2024,1,13,14,39,41,13
Revancha,2402,15/05/2024,3,15,18,24,32,16
Baloto,2402,15/05/2024,2,6,13,18,23,10
Revancha,2401,11/05/2024,1,13,24,29,30,8
Baloto,2401,11/05/2024,1,12,23,25,39,4
Revancha,2400,08/05/2024,2,8,29,35,43,12
Baloto,2400,08/05/2024,6,26,32,35,36,3
Revancha,2399,04/05/2024,1,12,31,39,42,14
Baloto,2399,04/05/2024,2,14,22,30,39,5
Revancha,2398,01/05/2024,16,17,18,29,41,11
Baloto,2398,01/05/2024,14,21,28,33,40,11
Revancha,2397,27/04/2024,6,8,9,26,36,9
Baloto,2397,27/04/2024,3,5,11,35,37,10
Revancha,2396,24/04/2024,14,23,25,38,41,10
Baloto,2396,24/04/2024,1,4,18,31,39,9
Revancha,2395,20/04/2024,1,3,19,30,40,6
Baloto,2395,20/04/2024,11,16,24,28,35,15
Revancha,2394,17/04/2024,6,14,29,33,41,5
Baloto,2394,17/04/2024,9,16,20,36,42,14
Revancha,2393,13/04/2024,2,15,18,27,41,4
Baloto,2393,13/04/2024,5,21,27,30,36,16
Revancha,2392,10/04/2024,8,18,25,32,33,2
Baloto,2392,10/04/2024,4,13,16,38,39,8
Revancha,2391,06/04/2024,10,17,21,25,27,4
Baloto,2391,06/04/2024,2,4,12,20,25,4
Revancha,2390,03/04/2024,4,11,20,27,40,11
Baloto,2390,03/04/2024,6,10,12,17,19,5
Revancha,2389,30/03/2024,6,7,8,17,25,6
Baloto,2389,30/03/2024,2,12,27,28,34,11
Revancha,2388,27/03/2024,2,3,26,32,38,11
Baloto,2388,27/03/2024,6,14,16,29,38,11
Revancha,2387,23/03/2024,2,8,12,35,43,9
Baloto,2387,23/03/2024,13,31,33,34,37,1
Revancha,2386,20/03/2024,6,13,36,40,42,2
Baloto,2386,20/03/2024,2,20,36,37,41,4
Revancha,2385,16/03/2024,6,18,29,42,43,6
Baloto,2385,16/03/2024,15,22,25,26,35,2
Revancha,2384,13/03/2024,6,10,21,40,43,14
Baloto,2384,13/03/2024,9,29,30,33,41,15
Revancha,2383,09/03/2024,22,25,29,31,37,5
Baloto,2383,09/03/2024,3,5,27,31,37,10
Revancha,2382,06/03/2024,1,8,12,14,32,12
Baloto,2382,06/03/2024,4,10,20,27,38,10
Revancha,2381,02/03/2024,2,19,20,24,32,5
Baloto,2381,02/03/2024,3,8,10,24,34,10
Revancha,2380,28/02/2024,8,24,27,37,39,10
Baloto,2380,28/02/2024,3,11,14,30,31,12
Revancha,2379,24/02/2024,9,30,32,33,34,4
Baloto,2379,24/02/2024,10,11,27,32,33,5
Revancha,2378,21/02/2024,17,28,32,38,41,15
Baloto,2378,21/02/2024,5,24,26,29,34,13
Revancha,2377,17/02/2024,4,6,9,28,31,7
Baloto,2377,17/02/2024,7,10,24,28,30,14
Revancha,2376,14/02/2024,7,16,21,25,34,7
Baloto,2376,14/02/2024,19,20,23,37,43,5
Revancha,2375,10/02/2024,16,22,30,37,38,8
Baloto,2375,10/02/2024,4,8,20,29,42,1
Revancha,2374,07/02/2024,17,23,24,33,41,4
Baloto,2374,07/02/2024,8,16,20,28,33,2
Revancha,2373,03/02/2024,2,11,35,38,41,9
Baloto,2373,03/02/2024,6,20,33,34,36,11
Revancha,2372,31/01/2024,9,19,25,34,35,7
Baloto,2372,31/01/2024,3,6,13,20,35,11
Revancha,2371,27/01/2024,23,29,35,40,42,13
Baloto,2371,27/01/2024,10,26,29,34,40,7
Revancha,2370,24/01/2024,1,20,21,23,36,9
Baloto,2370,24/01/2024,19,27,34,41,43,13
Revancha,2369,20/01/2024,3,10,37,42,43,2
Baloto,2369,20/01/2024,4,11,21,26,28,13
Revancha,2368,17/01/2024,1,5,6,10,34,11
Baloto,2368,17/01/2024,2,24,27,30,34,15
Revancha,2367,13/01/2024,9,10,15,27,34,14
Baloto,2367,13/01/2024,18,24,27,41,43,8
Revancha,2366,10/01/2024,11,19,22,31,33,3
Baloto,2366,10/01/2024,1,8,13,27,29,8
Revancha,2365,06/01/2024,7,10,22,24,42,5
Baloto,2365,06/01/2024,11,14,19,24,29,16
Revancha,2364,03/01/2024,3,7,11,33,36,4
Baloto,2364,03/01/2024,4,7,8,29,30,4
Revancha,2363,30/12/2023,3,10,18,23,36,4
Baloto,2363,30/12/2023,8,15,17,32,36,11
Revancha,2362,27/12/2023,5,8,22,28,40,8
Baloto,2362,27/12/2023,2,11,12,17,23,2
Revancha,2361,23/12/2023,14,16,20,32,36,2
Baloto,2361,23/12/2023,7,11,13,32,39,14
Revancha,2360,20/12/2023,6,9,19,31,43,6
Baloto,2360,20/12/2023,11,24,27,31,42,7
Revancha,2359,16/12/2023,9,19,30,39,43,13
Baloto,2359,16/12/2023,15,23,29,33,38,11
Revancha,2358,13/12/2023,2,11,13,19,28,16
Baloto,2358,13/12/2023,8,23,32,40,42,15
Revancha,2357,09/12/2023,5,18,27,36,42,16
Baloto,2357,09/12/2023,2,4,15,28,34,11
Revancha,2356,06/12/2023,3,26,32,33,38,16
Baloto,2356,06/12/2023,7,27,28,32,41,10
Revancha,2355,02/12/2023,4,19,22,26,37,1
Baloto,2355,02/12/2023,2,16,29,31,38,7
Revancha,2354,29/11/2023,2,8,10,11,29,16
Baloto,2354,29/11/2023,6,10,20,30,31,14
Revancha,2353,25/11/2023,16,28,35,41,42,7
Baloto,2353,25/11/2023,2,8,13,14,31,5
Revancha,2352,22/11/2023,1,6,9,20,26,7
Baloto,2352,22/11/2023,20,32,39,40,43,12
Revancha,2351,18/11/2023,1,11,30,31,42,13
Baloto,2351,18/11/2023,1,2,26,28,35,4
Revancha,2350,15/11/2023,6,12,14,17,39,4
Baloto,2350,15/11/2023,17,22,29,40,43,6
Revancha,2349,11/11/2023,6,20,21,27,38,15
Baloto,2349,11/11/2023,8,12,26,30,43,2
Revancha,2348,08/11/2023,6,17,23,33,38,1
Baloto,2348,08/11/2023,7,27,28,30,33,9
Revancha,2347,04/11/2023,4,5,19,36,37,2
Baloto,2347,04/11/2023,9,10,16,20,34,14
Revancha,2346,01/11/2023,6,19,28,30,31,10
Baloto,2346,01/11/2023,10,32,34,41,42,3
Revancha,2345,28/10/2023,3,6,22,30,33,8
Baloto,2345,28/10/2023,12,24,28,40,41,14
Revancha,2344,25/10/2023,18,28,31,37,39,3
Baloto,2344,25/10/2023,13,24,29,32,33,13
Revancha,2343,21/10/2023,9,20,23,28,39,4
Baloto,2343,21/10/2023,8,10,19,20,42,16
Revancha,2342,18/10/2023,2,6,11,14,25,13
Baloto,2342,18/10/2023,6,12,16,17,26,13
Revancha,2341,14/10/2023,4,5,21,36,39,13
Baloto,2341,14/10/2023,4,9,14,37,42,10
Revancha,2340,11/10/2023,3,22,29,40,42,11
Baloto,2340,11/10/2023,18,30,39,41,43,1
Revancha,2339,07/10/2023,2,6,10,21,30,16
Baloto,2339,07/10/2023,8,19,24,26,38,4
Revancha,2338,04/10/2023,5,7,16,22,32,1
Baloto,2338,04/10/2023,1,12,34,37,38,14
Revancha,2337,30/09/2023,11,12,18,19,33,7
Baloto,2337,30/09/2023,6,8,10,23,32,7
Revancha,2336,27/09/2023,3,23,29,32,36,15
Baloto,2336,27/09/2023,8,11,17,28,30,16
Revancha,2335,23/09/2023,3,4,10,12,15,16
Baloto,2335,23/09/2023,4,29,36,41,43,7
Revancha,2334,20/09/2023,11,21,28,32,34,5
Baloto,2334,20/09/2023,17,19,24,28,40,9
Revancha,2333,16/09/2023,3,8,9,21,32,9
Baloto,2333,16/09/2023,6,10,21,28,34,9
Revancha,2332,13/09/2023,11,22,30,32,33,5
Baloto,2332,13/09/2023,3,9,12,36,38,9
Revancha,2331,09/09/2023,20,25,26,33,40,12
Baloto,2331,09/09/2023,1,3,23,39,43,9
Revancha,2330,06/09/2023,4,7,16,22,36,16
Baloto,2330,06/09/2023,14,17,25,28,39,3
Revancha,2329,02/09/2023,1,6,9,21,31,13
Baloto,2329,02/09/2023,16,24,29,38,40,15
Revancha,2328,30/08/2023,2,10,17,19,27,8
Baloto,2328,30/08/2023,13,14,19,27,39,6
Revancha,2327,26/08/2023,9,18,19,25,32,14
Baloto,2327,26/08/2023,8,14,15,30,32,7
Revancha,2326,23/08/2023,1,8,11,24,37,14
Baloto,2326,23/08/2023,10,17,28,39,40,3
Revancha,2325,19/08/2023,4,11,13,17,30,13
Baloto,2325,19/08/2023,15,36,40,41,42,3
Revancha,2324,16/08/2023,2,15,25,26,37,1
Baloto,2324,16/08/2023,6,13,19,24,27,6
Revancha,2323,12/08/2023,9,12,17,29,31,11
Baloto,2323,12/08/2023,9,27,34,39,42,11
Revancha,2322,09/08/2023,6,8,11,21,37,8
Baloto,2322,09/08/2023,1,9,13,26,42,10
Revancha,2321,05/08/2023,2,4,12,41,42,15
Baloto,2321,05/08/2023,21,23,27,36,39,15
Revancha,2320,02/08/2023,7,11,17,22,28,3
Baloto,2320,02/08/2023,3,6,18,31,32,14
Revancha,2319,29/07/2023,11,14,21,29,41,14
Baloto,2319,29/07/2023,6,16,17,20,26,10
Revancha,2318,26/07/2023,8,16,25,29,35,1
Baloto,2318,26/07/2023,17,20,25,36,41,12
Revancha,2317,22/07/2023,3,4,39,42,43,8
Baloto,2317,22/07/2023,10,18,20,24,31,1
Revancha,2316,19/07/2023,8,21,28,31,35,8
Baloto,2316,19/07/2023,4,17,27,32,38,12
Revancha,2315,15/07/2023,7,10,12,14,18,15
Baloto,2315,15/07/2023,16,22,25,28,38,7
Revancha,2314,12/07/2023,6,8,16,32,39,11
Baloto,2314,12/07/2023,8,33,34,37,43,9
Revancha,2313,08/07/2023,6,9,16,26,43,4
Baloto,2313,08/07/2023,5,20,21,27,39,12
Revancha,2312,05/07/2023,2,3,4,32,42,3
Baloto,2312,05/07/2023,2,9,17,18,43,6
Revancha,2311,01/07/2023,3,13,28,36,42,6
Baloto,2311,01/07/2023,2,13,16,20,30,16
Revancha,2310,28/06/2023,8,16,17,26,39,5
Baloto,2310,28/06/2023,14,18,19,27,41,6
Revancha,2309,24/06/2023,10,20,21,27,28,3
Baloto,2309,24/06/2023,10,13,24,30,34,8
Revancha,2308,21/06/2023,28,35,37,40,41,2
Baloto,2308,21/06/2023,14,30,32,37,43,9
Revancha,2307,17/06/2023,2,12,36,41,43,6
Baloto,2307,17/06/2023,13,17,26,27,40,15
Revancha,2306,14/06/2023,20,28,33,35,43,11
Baloto,2306,14/06/2023,5,14,23,28,42,10
Revancha,2305,10/06/2023,5,18,22,37,38,16
Baloto,2305,10/06/2023,6,15,26,37,40,4
Revancha,2304,07/06/2023,4,14,17,19,35,10
Baloto,2304,07/06/2023,13,24,28,32,41,3
Revancha,2303,03/06/2023,11,22,32,33,43,10
Baloto,2303,03/06/2023,7,14,21,32,37,11
Revancha,2302,31/05/2023,2,21,25,37,38,13
Baloto,2302,31/05/2023,2,18,27,33,37,16
Revancha,2301,27/05/2023,3,21,30,35,43,14
Baloto,2301,27/05/2023,5,8,11,20,22,1
Revancha,2300,24/05/2023,4,16,20,42,43,3
Baloto,2300,24/05/2023,7,23,25,27,28,12
Revancha,2299,20/05/2023,2,9,23,24,38,11
Baloto,2299,20/05/2023,2,4,19,21,38,2
Revancha,2298,17/05/2023,17,25,32,38,40,12
Baloto,2298,17/05/2023,4,11,31,33,36,13
Revancha,2297,13/05/2023,8,32,36,37,43,16
Baloto,2297,13/05/2023,9,11,20,28,32,13
Revancha,2296,10/05/2023,3,12,29,30,36,10
Baloto,2296,10/05/2023,8,21,25,28,29,13
Revancha,2295,06/05/2023,2,17,22,33,35,2
Baloto,2295,06/05/2023,13,19,30,32,43,16
Revancha,2294,03/05/2023,5,7,34,40,43,16
Baloto,2294,03/05/2023,10,12,21,25,39,10
Revancha,2293,29/04/2023,2,4,5,7,32,1
Baloto,2293,29/04/2023,8,15,17,32,41,5
Revancha,2292,26/04/2023,10,18,30,32,33,4
Baloto,2292,26/04/2023,23,26,31,42,43,13
Revancha,2291,22/04/2023,8,15,18,28,32,9
Baloto,2291,22/04/2023,5,13,22,24,39,13
Revancha,2290,19/04/2023,7,8,10,26,38,6
Baloto,2290,19/04/2023,7,26,29,32,34,3
Revancha,2289,15/04/2023,5,12,13,24,31,1
Baloto,2289,15/04/2023,15,19,27,29,36,14
Revancha,2288,12/04/2023,8,19,25,30,39,10
Baloto,2288,12/04/2023,3,6,19,21,36,16
Revancha,2287,08/04/2023,8,9,30,32,34,12
Baloto,2287,08/04/2023,8,14,15,27,33,11
Revancha,2286,05/04/2023,7,12,23,25,29,14
Baloto,2286,05/04/2023,7,14,24,31,33,6
Revancha,2285,01/04/2023,11,13,14,19,34,1
Baloto,2285,01/04/2023,5,7,33,37,38,1
Revancha,2284,29/03/2023,11,18,23,33,38,8
Baloto,2284,29/03/2023,2,6,12,23,43,5
Revancha,2283,25/03/2023,7,8,14,38,39,7
Baloto,2283,25/03/2023,3,5,8,17,20,1
Revancha,2282,22/03/2023,3,4,33,38,43,16
Baloto,2282,22/03/2023,2,3,13,28,31,4
Revancha,2281,18/03/2023,6,8,9,14,28,3
Baloto,2281,18/03/2023,8,9,10,15,20,5
Revancha,2280,15/03/2023,12,20,22,34,39,1
Baloto,2280,15/03/2023,9,20,23,24,31,15
Revancha,2279,11/03/2023,5,8,9,27,30,1
Baloto,2279,11/03/2023,10,13,15,33,36,4
Revancha,2278,08/03/2023,7,11,22,27,32,7
Baloto,2278,08/03/2023,1,9,10,19,34,12
Revancha,2277,04/03/2023,7,18,20,24,35,12
Baloto,2277,04/03/2023,7,11,21,35,39,11
Revancha,2276,01/03/2023,5,13,33,34,41,6
Baloto,2276,01/03/2023,4,19,23,27,41,10
Revancha,2275,25/02/2023,4,9,11,18,23,12
Baloto,2275,25/02/2023,4,10,11,21,38,15
Revancha,2274,22/02/2023,2,8,24,33,37,9
Baloto,2274,22/02/2023,17,28,31,37,38,16
Revancha,2273,18/02/2023,5,8,18,32,39,12
Baloto,2273,18/02/2023,12,16,27,32,42,1
Revancha,2272,15/02/2023,8,31,41,42,43,10
Baloto,2272,15/02/2023,1,2,10,15,17,10
Revancha,2271,11/02/2023,3,20,32,36,38,15
Baloto,2271,11/02/2023,12,13,19,25,36,16
Revancha,2270,08/02/2023,12,27,30,36,37,5
Baloto,2270,08/02/2023,1,6,25,27,38,9
Revancha,2269,04/02/2023,14,20,22,31,34,3
Baloto,2269,04/02/2023,6,9,27,38,39,5
Revancha,2268,01/02/2023,11,14,19,27,29,14
Baloto,2268,01/02/2023,1,19,20,23,29,3
Revancha,2267,28/01/2023,10,24,25,26,28,12
Baloto,2267,28/01/2023,4,21,33,39,43,12
Revancha,2266,25/01/2023,6,13,26,33,43,16
Baloto,2266,25/01/2023,2,6,13,18,35,15
Revancha,2265,21/01/2023,4,13,38,39,42,8
Baloto,2265,21/01/2023,6,15,23,29,40,11
Revancha,2264,18/01/2023,2,8,9,20,36,13
Baloto,2264,18/01/2023,8,22,29,31,37,2
Revancha,2263,14/01/2023,19,31,37,42,43,5
Baloto,2263,14/01/2023,1,10,21,30,35,11
Revancha,2262,11/01/2023,2,8,20,26,35,16
Baloto,2262,11/01/2023,10,23,24,29,35,6
Revancha,2261,07/01/2023,3,12,14,24,36,11
Baloto,2261,07/01/2023,3,9,21,29,37,9
Revancha,2260,04/01/2023,10,11,12,16,43,4
Baloto,2260,04/01/2023,11,19,30,35,40,10
Revancha,2259,31/12/2022,4,10,19,24,31,12
Baloto,2259,31/12/2022,9,11,17,20,37,8
Revancha,2258,28/12/2022,29,34,36,38,43,15
Baloto,2258,28/12/2022,21,22,27,38,42,16
Revancha,2257,24/12/2022,2,5,15,34,42,11
Baloto,2257,24/12/2022,2,19,27,29,42,7
Revancha,2256,21/12/2022,9,19,27,31,35,12
Baloto,2256,21/12/2022,10,14,32,34,41,1
Revancha,2255,17/12/2022,5,7,11,18,19,4
Baloto,2255,17/12/2022,5,6,13,26,30,6
Revancha,2254,14/12/2022,19,29,31,35,40,12
Baloto,2254,14/12/2022,23,29,32,33,34,4
Revancha,2253,10/12/2022,4,5,18,28,33,12
Baloto,2253,10/12/2022,14,15,21,23,38,9
Revancha,2252,07/12/2022,8,9,16,22,35,16
Baloto,2252,07/12/2022,5,12,24,36,42,7
Revancha,2251,03/12/2022,4,8,24,25,30,2
Baloto,2251,03/12/2022,4,6,22,33,40,12
Revancha,2250,30/11/2022,18,19,28,35,40,7
Baloto,2250,30/11/2022,1,5,22,25,41,2
Revancha,2249,26/11/2022,9,12,24,26,30,15
Baloto,2249,26/11/2022,11,20,30,37,43,1
Revancha,2248,23/11/2022,2,6,16,19,42,16
Baloto,2248,23/11/2022,1,9,14,27,36,12
Revancha,2247,19/11/2022,7,16,29,31,32,3
Baloto,2247,19/11/2022,3,27,28,31,33,13
Revancha,2246,16/11/2022,10,15,21,28,38,1
Baloto,2246,16/11/2022,1,16,18,28,30,8
Revancha,2245,12/11/2022,6,14,27,32,34,16
Baloto,2245,12/11/2022,11,37,39,40,41,8
Revancha,2244,09/11/2022,11,15,22,27,30,10
Baloto,2244,09/11/2022,3,4,9,18,37,4
Revancha,2243,05/11/2022,13,18,22,23,41,5
Baloto,2243,05/11/2022,9,12,24,25,30,7
Revancha,2242,02/11/2022,4,10,14,28,40,15
Baloto,2242,02/11/2022,5,13,15,25,31,16
Revancha,2241,29/10/2022,7,8,15,16,21,14
Baloto,2241,29/10/2022,13,21,27,29,38,11
Revancha,2240,26/10/2022,2,5,8,32,33,8
Baloto,2240,26/10/2022,3,4,7,12,35,6
Revancha,2239,22/10/2022,14,17,19,22,28,15
Baloto,2239,22/10/2022,3,4,11,42,43,12
Revancha,2238,19/10/2022,8,10,13,31,32,6
Baloto,2238,19/10/2022,14,18,30,41,43,2
Revancha,2237,15/10/2022,7,8,24,34,40,8
Baloto,2237,15/10/2022,1,16,23,27,36,7
Revancha,2236,12/10/2022,6,12,32,39,40,10
Baloto,2236,12/10/2022,12,16,27,29,34,2
Revancha,2235,08/10/2022,9,10,14,27,31,9
Baloto,2235,08/10/2022,1,6,12,38,42,10
Revancha,2234,05/10/2022,2,11,25,40,41,16
Baloto,2234,05/10/2022,3,9,16,29,38,4
Revancha,2233,01/10/2022,10,11,18,24,27,6
Baloto,2233,01/10/2022,3,5,12,22,38,4
Revancha,2232,28/09/2022,8,9,21,35,37,7
Baloto,2232,28/09/2022,5,13,22,26,28,11
Revancha,2231,24/09/2022,7,8,32,39,40,8
Baloto,2231,24/09/2022,7,11,20,30,40,3
Revancha,2230,21/09/2022,1,9,12,16,42,2
Baloto,2230,21/09/2022,2,10,31,32,42,2
Revancha,2229,17/09/2022,5,10,15,35,38,2
Baloto,2229,17/09/2022,3,8,14,22,26,15
Revancha,2228,14/09/2022,2,3,22,29,35,2
Baloto,2228,14/09/2022,5,20,25,35,42,16
Revancha,2227,10/09/2022,2,3,13,16,38,16
Baloto,2227,10/09/2022,6,13,29,32,41,5
Revancha,2226,07/09/2022,7,13,20,25,43,12
Baloto,2226,07/09/2022,3,12,13,36,42,13
Revancha,2225,03/09/2022,6,22,24,30,35,10
Baloto,2225,03/09/2022,4,20,22,26,41,3
Revancha,2224,31/08/2022,8,25,31,35,37,12
Baloto,2224,31/08/2022,5,15,26,28,35,1
Revancha,2223,27/08/2022,1,26,32,33,37,16
Baloto,2223,27/08/2022,3,10,18,25,43,11
Revancha,2222,24/08/2022,2,10,32,41,42,1
Baloto,2222,24/08/2022,3,5,7,17,37,15
Revancha,2221,20/08/2022,7,14,29,40,42,9
Baloto,2221,20/08/2022,7,10,32,35,42,14
Revancha,2220,17/08/2022,5,13,26,32,40,6
Baloto,2220,17/08/2022,4,12,17,22,25,15
Revancha,2219,13/08/2022,4,5,11,17,18,13
Baloto,2219,13/08/2022,18,28,30,41,43,11
Revancha,2218,10/08/2022,8,12,17,19,30,3
Baloto,2218,10/08/2022,6,8,9,25,39,6
Revancha,2217,06/08/2022,4,14,39,41,43,4
Baloto,2217,06/08/2022,2,3,13,17,19,3
Revancha,2216,03/08/2022,7,23,27,29,34,8
Baloto,2216,03/08/2022,1,5,12,21,36,1
Revancha,2215,30/07/2022,13,16,30,34,38,11
Baloto,2215,30/07/2022,7,17,18,22,42,13
Revancha,2214,27/07/2022,7,23,28,35,41,9
Baloto,2214,27/07/2022,19,21,25,29,34,2
Revancha,2213,23/07/2022,10,17,28,31,34,1
Baloto,2213,23/07/2022,15,20,25,31,35,13
Revancha,2212,20/07/2022,4,8,11,26,30,16
Baloto,2212,20/07/2022,4,14,23,37,42,9
Revancha,2211,16/07/2022,16,25,29,41,43,6
Baloto,2211,16/07/2022,6,10,22,32,39,14
Revancha,2210,13/07/2022,12,16,17,32,34,2
Baloto,2210,13/07/2022,10,24,29,38,43,6
Revancha,2209,09/07/2022,1,8,17,18,40,6
Baloto,2209,09/07/2022,5,9,17,18,33,5
Revancha,2208,06/07/2022,2,19,32,40,43,3
Baloto,2208,06/07/2022,4,11,31,38,41,2
Revancha,2207,02/07/2022,3,11,20,37,39,9
Baloto,2207,02/07/2022,19,22,23,27,37,10
Revancha,2206,29/06/2022,1,22,30,31,35,16
Baloto,2206,29/06/2022,20,35,38,40,41,2
Revancha,2205,25/06/2022,6,16,31,34,40,3
Baloto,2205,25/06/2022,6,10,18,30,34,3
Revancha,2204,22/06/2022,3,8,24,31,37,16
Baloto,2204,22/06/2022,16,18,27,33,35,12
Revancha,2203,18/06/2022,1,12,15,28,39,16
Baloto,2203,18/06/2022,25,28,29,33,36,12
Revancha,2202,15/06/2022,12,28,30,39,40,15
Baloto,2202,15/06/2022,6,9,28,42,43,14
Revancha,2201,11/06/2022,1,2,5,10,42,16
Baloto,2201,11/06/2022,9,10,19,27,43,5
Revancha,2200,08/06/2022,9,13,25,31,36,12
Baloto,2200,08/06/2022,14,25,26,28,35,6
Revancha,2199,04/06/2022,16,26,28,38,41,11
Baloto,2199,04/06/2022,1,8,19,23,36,1
Revancha,2198,01/06/2022,4,9,19,24,36,2
Baloto,2198,01/06/2022,1,6,23,28,38,13
Revancha,2197,28/05/2022,13,14,20,21,37,10
Baloto,2197,28/05/2022,19,25,29,35,40,15
Revancha,2196,25/05/2022,1,9,10,38,41,5
Baloto,2196,25/05/2022,4,6,32,42,43,7
Revancha,2195,21/05/2022,5,7,25,26,39,11
Baloto,2195,21/05/2022,7,12,21,29,36,10
Revancha,2194,18/05/2022,8,32,37,38,39,15
Baloto,2194,18/05/2022,12,16,22,35,37,3
Revancha,2193,14/05/2022,5,14,22,28,38,14
Baloto,2193,14/05/2022,11,16,31,36,40,13
Revancha,2192,11/05/2022,20,26,30,35,38,14
Baloto,2192,11/05/2022,7,21,26,36,42,3
Revancha,2191,07/05/2022,9,19,23,37,39,4
Baloto,2191,07/05/2022,5,8,23,30,31,6
Revancha,2190,04/05/2022,21,22,30,32,43,1
Baloto,2190,04/05/2022,10,17,24,26,40,6
Revancha,2189,30/04/2022,15,20,30,31,42,8
Baloto,2189,30/04/2022,6,7,9,30,37,15
Revancha,2188,27/04/2022,13,20,22,23,40,3
Baloto,2188,27/04/2022,4,6,12,26,28,15
Revancha,2187,23/04/2022,2,4,7,9,31,13
Baloto,2187,23/04/2022,20,22,29,35,40,2
Revancha,2186,20/04/2022,10,11,16,19,37,3
Baloto,2186,20/04/2022,14,21,23,35,36,9
Revancha,2185,16/04/2022,1,8,33,36,40,4
Baloto,2185,16/04/2022,8,10,11,18,43,9
Revancha,2184,13/04/2022,13,18,19,21,35,15
Baloto,2184,13/04/2022,2,14,20,37,41,11
Revancha,2183,09/04/2022,3,7,30,34,43,10
Baloto,2183,09/04/2022,1,3,6,20,39,11
Revancha,2182,06/04/2022,3,14,25,30,34,4
Baloto,2182,06/04/2022,7,10,20,21,34,5
Revancha,2181,02/04/2022,10,13,22,31,33,16
Baloto,2181,02/04/2022,3,6,13,24,29,1
Revancha,2180,30/03/2022,12,14,20,29,34,4
Baloto,2180,30/03/2022,6,16,18,27,32,12
Revancha,2179,26/03/2022,8,12,20,21,39,2
Baloto,2179,26/03/2022,11,25,35,37,41,13
Revancha,2178,23/03/2022,2,5,10,18,23,11
Baloto,2178,23/03/2022,2,14,35,36,37,11
Revancha,2177,19/03/2022,4,20,27,30,34,11
Baloto,2177,19/03/2022,10,30,31,35,41,11
Revancha,2176,16/03/2022,3,12,13,22,31,5
Baloto,2176,16/03/2022,1,8,22,26,37,1
Revancha,2175,12/03/2022,5,17,20,33,36,11
Baloto,2175,12/03/2022,1,13,14,36,41,10
Revancha,2174,09/03/2022,3,14,22,27,40,12
Baloto,2174,09/03/2022,1,2,8,30,41,4
Revancha,2173,05/03/2022,12,15,19,32,40,7
Baloto,2173,05/03/2022,9,32,34,37,40,16
Revancha,2172,02/03/2022,17,21,28,34,39,12
Baloto,2172,02/03/2022,6,31,34,37,41,10
Revancha,2171,26/02/2022,4,14,27,34,40,4
Baloto,2171,26/02/2022,8,9,18,19,31,11
Revancha,2170,23/02/2022,5,21,24,25,28,3
Baloto,2170,23/02/2022,3,6,24,30,38,10
Revancha,2169,19/02/2022,11,19,39,40,43,6
Baloto,2169,19/02/2022,4,6,7,22,27,6
Revancha,2168,16/02/2022,3,10,37,39,43,10
Baloto,2168,16/02/2022,4,10,12,23,42,2
Revancha,2167,12/02/2022,14,18,36,40,41,2
Baloto,2167,12/02/2022,1,6,27,29,39,8
Revancha,2166,09/02/2022,14,16,31,38,43,15
Baloto,2166,09/02/2022,1,30,32,35,39,16
Revancha,2165,05/02/2022,1,9,13,17,40,1
Baloto,2165,05/02/2022,12,19,20,29,41,4
Revancha,2164,02/02/2022,4,10,11,12,27,10
Baloto,2164,02/02/2022,3,11,22,25,36,5
Revancha,2163,29/01/2022,11,25,33,34,40,13
Baloto,2163,29/01/2022,6,8,24,29,41,3
Revancha,2162,26/01/2022,6,17,21,30,42,6
Baloto,2162,26/01/2022,2,12,29,30,38,7
Revancha,2161,22/01/2022,9,26,27,35,38,11
Baloto,2161,22/01/2022,6,8,29,33,42,6
Revancha,2160,19/01/2022,4,10,19,34,40,15
Baloto,2160,19/01/2022,11,19,20,26,30,14
Revancha,2159,15/01/2022,4,13,19,34,41,15
Baloto,2159,15/01/2022,3,26,34,35,36,13
Revancha,2158,12/01/2022,3,7,29,30,34,8
Baloto,2158,12/01/2022,21,26,37,39,40,2
Revancha,2157,08/01/2022,3,16,26,28,39,13
Baloto,2157,08/01/2022,12,21,29,32,40,15
Revancha,2156,05/01/2022,13,14,15,27,43,3
Baloto,2156,05/01/2022,1,3,13,15,27,9
Revancha,2155,01/01/2022,9,12,25,31,32,6
Baloto,2155,01/01/2022,9,31,33,39,42,12
Revancha,2154,29/12/2021,2,6,15,23,39,16
Baloto,2154,29/12/2021,2,12,18,39,40,8
Revancha,2153,25/12/2021,7,10,13,18,41,5
Baloto,2153,25/12/2021,2,10,20,21,27,15
Revancha,2152,22/12/2021,5,8,21,35,36,6
Baloto,2152,22/12/2021,9,10,20,28,34,6
Revancha,2151,18/12/2021,9,13,35,38,42,5
Baloto,2151,18/12/2021,9,22,29,35,39,7
Revancha,2150,15/12/2021,10,16,27,28,37,10
Baloto,2150,15/12/2021,6,25,34,40,41,8
Revancha,2149,11/12/2021,10,15,22,26,43,5
Baloto,2149,11/12/2021,2,4,17,25,41,9
Revancha,2148,08/12/2021,2,16,20,23,41,9
Baloto,2148,08/12/2021,20,22,26,32,34,6
Revancha,2147,04/12/2021,2,3,30,33,36,8
Baloto,2147,04/12/2021,6,12,32,35,39,7
Revancha,2146,01/12/2021,7,15,25,33,42,11
Baloto,2146,01/12/2021,2,7,18,24,43,10
Revancha,2145,27/11/2021,1,4,5,30,42,13
Baloto,2145,27/11/2021,4,11,13,17,19,9
Revancha,2144,24/11/2021,2,10,25,40,43,2
Baloto,2144,24/11/2021,14,17,34,35,36,16
Revancha,2143,20/11/2021,2,14,22,31,35,7
Baloto,2143,20/11/2021,1,8,19,20,22,15
Revancha,2142,17/11/2021,4,6,8,16,40,5
Baloto,2142,17/11/2021,3,13,15,24,29,5
Revancha,2141,13/11/2021,11,20,23,29,40,5
Baloto,2141,13/11/2021,13,21,23,39,42,1
Revancha,2140,10/11/2021,8,24,27,28,43,12
Baloto,2140,10/11/2021,5,16,18,21,28,3
Revancha,2139,06/11/2021,13,36,37,40,42,8
Baloto,2139,06/11/2021,9,13,31,32,36,13
Revancha,2138,03/11/2021,6,17,26,28,33,5
Baloto,2138,03/11/2021,4,6,22,31,37,13
Revancha,2137,30/10/2021,10,15,19,26,28,5
Baloto,2137,30/10/2021,4,10,26,29,39,3
Revancha,2136,27/10/2021,10,21,33,35,37,8
Baloto,2136,27/10/2021,4,20,25,34,41,2
Revancha,2135,23/10/2021,8,15,23,27,28,1
Baloto,2135,23/10/2021,3,4,6,25,37,11
Revancha,2134,20/10/2021,7,12,32,37,39,10
Baloto,2134,20/10/2021,5,14,21,26,37,16
Revancha,2133,16/10/2021,15,16,17,20,38,3
Baloto,2133,16/10/2021,9,10,17,23,30,12
Revancha,2132,13/10/2021,7,10,33,36,37,2
Baloto,2132,13/10/2021,2,14,15,20,21,9
Revancha,2131,09/10/2021,2,9,20,34,39,1
Baloto,2131,09/10/2021,1,3,24,26,29,10
Revancha,2130,06/10/2021,14,25,35,36,37,9
Baloto,2130,06/10/2021,21,24,27,28,41,8
Revancha,2129,02/10/2021,21,23,29,35,39,11
Baloto,2129,02/10/2021,22,26,33,36,43,6
Revancha,2128,29/09/2021,7,11,28,30,43,6
Baloto,2128,29/09/2021,7,27,36,37,41,12
Revancha,2127,25/09/2021,16,34,37,41,43,6
Baloto,2127,25/09/2021,7,13,15,25,35,7
Revancha,2126,22/09/2021,3,5,14,20,34,4
Baloto,2126,22/09/2021,4,24,27,36,40,9
Revancha,2125,18/09/2021,6,14,30,32,42,2
Baloto,2125,18/09/2021,4,5,15,24,39,1
Revancha,2124,15/09/2021,32,34,38,40,43,9
Baloto,2124,15/09/2021,3,7,13,37,42,13
Revancha,2123,11/09/2021,3,7,9,12,13,16
Baloto,2123,11/09/2021,7,8,21,34,42,3
Revancha,2122,08/09/2021,10,19,21,36,40,14
Baloto,2122,08/09/2021,5,13,25,35,43,16
Revancha,2121,04/09/2021,2,12,16,24,40,11
Baloto,2121,04/09/2021,1,24,30,35,41,13
Revancha,2120,01/09/2021,5,10,19,29,34,9
Baloto,2120,01/09/2021,18,21,30,36,39,6
Revancha,2119,28/08/2021,12,13,32,35,37,12
Baloto,2119,28/08/2021,3,17,29,32,36,10
Revancha,2118,25/08/2021,2,13,23,25,29,5
Baloto,2118,25/08/2021,9,15,21,32,36,12
Revancha,2117,21/08/2021,4,10,23,41,42,4
Baloto,2117,21/08/2021,6,11,16,32,40,11
Revancha,2116,18/08/2021,3,10,31,38,39,12
Baloto,2116,18/08/2021,8,16,18,26,38,1
Revancha,2115,14/08/2021,1,16,21,28,41,6
Baloto,2115,14/08/2021,4,13,14,24,43,4
Revancha,2114,11/08/2021,8,17,31,34,36,10
Baloto,2114,11/08/2021,11,20,21,25,31,2
Revancha,2113,07/08/2021,3,7,13,30,34,7
Baloto,2113,07/08/2021,1,8,16,25,29,8
Revancha,2112,04/08/2021,5,12,13,31,35,9
Baloto,2112,04/08/2021,4,6,10,18,22,13
Revancha,2111,31/07/2021,20,24,27,30,32,2
Baloto,2111,31/07/2021,1,6,10,14,32,11
Revancha,2110,28/07/2021,1,9,18,19,29,8
Baloto,2110,28/07/2021,2,4,10,12,35,4
Revancha,2109,24/07/2021,13,18,29,32,40,11
Baloto,2109,24/07/2021,8,9,12,19,41,15
Revancha,2108,21/07/2021,13,18,27,35,42,3
Baloto,2108,21/07/2021,16,18,34,40,41,10
Revancha,2107,17/07/2021,6,15,17,25,42,14
Baloto,2107,17/07/2021,16,26,27,28,36,6
Revancha,2106,14/07/2021,1,15,24,36,39,7
Baloto,2106,14/07/2021,1,20,28,31,32,10
Revancha,2105,10/07/2021,9,19,23,31,34,1
Baloto,2105,10/07/2021,1,10,17,20,27,1
Revancha,2104,07/07/2021,6,15,20,29,35,12
Baloto,2104,07/07/2021,20,23,34,35,41,16
Revancha,2103,03/07/2021,12,30,35,38,39,14
Baloto,2103,03/07/2021,18,29,30,35,36,5
Revancha,2102,30/06/2021,2,3,21,23,43,16
Baloto,2102,30/06/2021,9,19,29,34,41,6
Revancha,2101,26/06/2021,6,15,20,25,42,8
Baloto,2101,26/06/2021,6,7,17,26,34,5
Revancha,2100,23/06/2021,4,5,7,31,36,1
Baloto,2100,23/06/2021,6,11,14,17,43,13
Revancha,2099,19/06/2021,2,9,11,12,27,8
Baloto,2099,19/06/2021,18,24,29,34,38,15
Revancha,2098,16/06/2021,18,19,21,39,42,13
Baloto,2098,16/06/2021,5,6,11,15,22,11
Revancha,2097,12/06/2021,11,22,27,40,41,13
Baloto,2097,12/06/2021,6,19,25,30,40,5
Revancha,2096,09/06/2021,19,21,23,32,33,15
Baloto,2096,09/06/2021,8,13,23,37,39,6
Revancha,2095,05/06/2021,2,17,23,24,36,14
Baloto,2095,05/06/2021,7,22,29,31,41,9
Revancha,2094,02/06/2021,4,7,11,14,26,9
Baloto,2094,02/06/2021,17,20,32,36,37,2
Revancha,2093,29/05/2021,9,27,32,34,41,11
Baloto,2093,29/05/2021,1,10,13,25,31,6
Revancha,2092,26/05/2021,7,15,16,18,37,14
Baloto,2092,26/05/2021,12,18,24,26,29,5
Revancha,2091,22/05/2021,12,14,27,28,32,12
Baloto,2091,22/05/2021,16,18,22,31,40,12
Revancha,2090,19/05/2021,12,17,24,36,40,9
Baloto,2090,19/05/2021,1,7,14,25,38,11
Revancha,2089,15/05/2021,8,12,21,30,34,1
Baloto,2089,15/05/2021,3,23,31,33,35,13
Revancha,2088,12/05/2021,4,9,15,26,37,14
Baloto,2088,12/05/2021,12,18,32,33,37,9
Revancha,2087,08/05/2021,3,24,31,35,40,11
Baloto,2087,08/05/2021,6,7,8,32,43,1
Revancha,2086,05/05/2021,13,15,16,23,40,5
Baloto,2086,05/05/2021,12,13,16,17,32,7
Revancha,2085,01/05/2021,14,21,23,31,37,9
Baloto,2085,01/05/2021,5,6,22,26,36,6
Revancha,2084,28/04/2021,1,16,17,34,35,10
Baloto,2084,28/04/2021,15,21,25,27,41,12
Revancha,2083,24/04/2021,2,8,17,31,38,3
Baloto,2083,24/04/2021,16,22,30,31,37,15
Revancha,2082,21/04/2021,17,29,33,35,37,13
Baloto,2082,21/04/2021,5,19,22,33,36,4
Revancha,2081,17/04/2021,1,12,17,27,37,4
Baloto,2081,17/04/2021,13,15,18,30,39,13
Revancha,2080,14/04/2021,6,19,23,36,38,12
Baloto,2080,14/04/2021,1,13,26,34,38,3
Revancha,2079,10/04/2021,6,18,23,26,43,13
Baloto,2079,10/04/2021,1,3,16,24,42,6
Revancha,2078,07/04/2021,3,15,33,34,39,6
Baloto,2078,07/04/2021,1,13,19,34,43,7
Revancha,2077,03/04/2021,4,12,32,39,41,15
Baloto,2077,03/04/2021,3,25,26,39,40,10
Revancha,2076,31/03/2021,5,6,15,17,24,3
Baloto,2076,31/03/2021,1,6,10,31,41,14
Revancha,2075,27/03/2021,4,11,22,36,40,13
Baloto,2075,27/03/2021,7,11,14,15,29,13
Revancha,2074,24/03/2021,9,23,26,37,43,4
Baloto,2074,24/03/2021,12,17,24,31,36,10
Revancha,2073,20/03/2021,14,18,26,27,40,16
Baloto,2073,20/03/2021,17,28,35,38,42,12
Revancha,2072,17/03/2021,7,10,21,24,27,14
Baloto,2072,17/03/2021,1,8,25,34,37,7
Revancha,2071,13/03/2021,13,17,27,35,39,1
Baloto,2071,13/03/2021,6,9,15,17,31,10
Revancha,2070,10/03/2021,7,23,25,37,38,14
Baloto,2070,10/03/2021,3,15,24,28,34,16
Revancha,2069,06/03/2021,1,28,35,39,42,14
Baloto,2069,06/03/2021,6,8,31,33,35,5
Revancha,2068,03/03/2021,7,10,12,31,39,2
Baloto,2068,03/03/2021,2,7,9,13,25,14
Revancha,2067,27/02/2021,5,15,30,38,39,13
Baloto,2067,27/02/2021,11,17,33,40,43,11
Revancha,2066,24/02/2021,10,11,15,27,39,6
Baloto,2066,24/02/2021,6,14,29,31,39,16
Revancha,2065,20/02/2021,2,37,39,41,43,10
Baloto,2065,20/02/2021,4,11,12,17,34,13
Revancha,2064,17/02/2021,3,9,33,37,41,5
Baloto,2064,17/02/2021,2,3,9,16,37,6
Revancha,2063,13/02/2021,11,14,31,38,42,14
Baloto,2063,13/02/2021,8,15,22,27,43,16
Revancha,2062,10/02/2021,10,11,12,14,24,4
Baloto,2062,10/02/2021,5,11,15,29,33,9
Revancha,2061,06/02/2021,1,31,32,33,39,5
Baloto,2061,06/02/2021,15,23,25,26,34,12
Revancha,2060,03/02/2021,5,24,25,38,42,9
Baloto,2060,03/02/2021,7,17,18,34,41,6
Revancha,2059,30/01/2021,3,25,30,31,42,11
Baloto,2059,30/01/2021,3,14,15,34,43,12
Revancha,2058,27/01/2021,3,5,15,17,32,12
Baloto,2058,27/01/2021,10,12,31,37,43,12
Revancha,2057,23/01/2021,9,11,29,33,40,6
Baloto,2057,23/01/2021,1,24,26,33,43,8
Revancha,2056,20/01/2021,9,15,19,30,38,3
Baloto,2056,20/01/2021,10,24,31,35,42,13
Revancha,2055,16/01/2021,3,14,26,36,38,9
Baloto,2055,16/01/2021,2,5,17,33,41,1
Revancha,2054,13/01/2021,6,9,18,39,42,7
Baloto,2054,13/01/2021,7,20,23,32,36,6
Revancha,2053,09/01/2021,9,22,24,30,31,15
Baloto,2053,09/01/2021,15,16,21,28,42,9
Revancha,2052,06/01/2021,11,21,24,28,37,1
Baloto,2052,06/01/2021,20,22,29,40,43,5
Revancha,2051,02/01/2021,5,13,19,21,40,16
Baloto,2051,02/01/2021,9,16,23,42,43,4
Revancha,2050,30/12/2020,7,13,17,32,38,11
Baloto,2050,30/12/2020,5,19,36,42,43,3
Revancha,2049,26/12/2020,4,8,12,37,43,15
Baloto,2049,26/12/2020,11,12,15,17,40,7
Revancha,2048,23/12/2020,14,20,23,27,42,5
Baloto,2048,23/12/2020,26,35,36,37,39,3
Revancha,2047,19/12/2020,1,3,8,10,36,1
Baloto,2047,19/12/2020,10,19,20,35,41,12
Revancha,2046,16/12/2020,9,11,15,31,35,13
Baloto,2046,16/12/2020,19,25,26,29,43,1
Revancha,2045,12/12/2020,7,19,20,23,33,3
Baloto,2045,12/12/2020,3,5,38,40,42,3
Revancha,2044,09/12/2020,2,8,21,25,28,1
Baloto,2044,09/12/2020,17,25,27,29,41,13
Revancha,2043,05/12/2020,5,12,17,36,37,8
Baloto,2043,05/12/2020,3,5,6,22,30,2
Revancha,2042,02/12/2020,5,10,28,35,42,1
Baloto,2042,02/12/2020,7,14,28,41,43,7
Revancha,2041,28/11/2020,1,7,11,35,41,3
Baloto,2041,28/11/2020,3,13,19,21,42,3
Revancha,2040,25/11/2020,2,24,29,33,34,16
Baloto,2040,25/11/2020,3,8,17,21,25,10
Revancha,2039,21/11/2020,8,16,23,29,43,8
Baloto,2039,21/11/2020,31,34,36,40,42,1
Revancha,2038,18/11/2020,14,19,22,24,43,7
Baloto,2038,18/11/2020,6,23,26,27,35,8
Revancha,2037,14/11/2020,5,12,15,33,34,6
Baloto,2037,14/11/2020,5,23,32,36,37,11
Revancha,2036,11/11/2020,3,4,10,21,39,10
Baloto,2036,11/11/2020,1,17,22,30,38,5
Revancha,2035,07/11/2020,9,17,18,28,36,6
Baloto,2035,07/11/2020,5,8,12,25,33,2
Revancha,2034,04/11/2020,13,19,35,38,39,15
Baloto,2034,04/11/2020,13,15,17,29,40,12
Revancha,2033,31/10/2020,4,21,25,27,36,1
Baloto,2033,31/10/2020,4,16,19,33,43,13
Revancha,2032,28/10/2020,7,15,29,36,40,13
Baloto,2032,28/10/2020,3,4,14,19,35,12
Revancha,2031,24/10/2020,11,13,17,18,19,5
Baloto,2031,24/10/2020,2,4,10,25,43,2
Revancha,2030,21/10/2020,1,19,28,34,35,4
Baloto,2030,21/10/2020,31,36,37,38,43,14
Revancha,2029,17/10/2020,8,21,33,35,41,12
Baloto,2029,17/10/2020,9,19,23,40,42,6
Revancha,2028,14/10/2020,13,14,21,36,41,7
Baloto,2028,14/10/2020,9,27,29,33,39,10
Revancha,2027,10/10/2020,16,18,22,26,39,10
Baloto,2027,10/10/2020,21,25,33,39,43,14
Revancha,2026,07/10/2020,7,9,12,33,38,13
Baloto,2026,07/10/2020,4,28,34,36,38,16
Revancha,2025,03/10/2020,9,32,33,38,43,1
Baloto,2025,03/10/2020,3,8,29,38,41,15
Revancha,2024,30/09/2020,7,13,14,22,30,14
Baloto,2024,30/09/2020,7,8,13,17,40,13
Revancha,2023,26/09/2020,3,7,9,11,32,14
Baloto,2023,26/09/2020,1,19,22,23,41,12
Revancha,2022,23/09/2020,7,8,24,29,43,8
Baloto,2022,23/09/2020,15,22,30,36,40,16
Revancha,2021,19/09/2020,22,24,30,42,43,2
Baloto,2021,19/09/2020,20,33,39,40,41,7
Revancha,2020,16/09/2020,1,3,26,27,36,3
Baloto,2020,16/09/2020,2,8,21,32,42,4
Revancha,2019,12/09/2020,6,29,30,32,37,15
Baloto,2019,12/09/2020,16,25,26,36,42,3
Revancha,2018,09/09/2020,4,16,18,21,22,8
Baloto,2018,09/09/2020,5,11,31,32,33,16
Revancha,2017,05/09/2020,1,4,10,36,40,6
Baloto,2017,05/09/2020,16,23,31,42,43,13
Revancha,2016,02/09/2020,7,22,34,40,43,14
Baloto,2016,02/09/2020,1,21,34,37,42,8
Revancha,2015,29/08/2020,3,5,8,27,29,9
Baloto,2015,29/08/2020,2,9,23,31,40,16
Revancha,2014,26/08/2020,12,29,31,37,38,13
Baloto,2014,26/08/2020,4,7,8,9,11,14
Revancha,2013,22/08/2020,18,25,27,30,31,6
Baloto,2013,22/08/2020,8,12,22,24,26,13
Revancha,2012,19/08/2020,18,22,23,29,40,3
Baloto,2012,19/08/2020,1,3,9,42,43,6
Revancha,2011,15/08/2020,8,19,21,24,28,4
Baloto,2011,15/08/2020,4,7,12,17,30,2
Revancha,2010,12/08/2020,7,15,17,30,42,10
Baloto,2010,12/08/2020,6,10,32,37,43,3
Revancha,2009,08/08/2020,1,6,16,22,43,4
Baloto,2009,08/08/2020,3,11,14,32,36,16
Revancha,2008,05/08/2020,13,17,23,27,34,10
Baloto,2008,05/08/2020,7,8,13,19,32,7
Revancha,2007,01/08/2020,7,9,27,39,40,4
Baloto,2007,01/08/2020,7,20,27,34,43,9
Revancha,2006,29/07/2020,10,14,17,31,36,1
Baloto,2006,29/07/2020,4,8,25,27,29,4
Revancha,2005,25/07/2020,4,7,39,42,43,1
Baloto,2005,25/07/2020,3,17,25,41,42,2
Revancha,2004,22/07/2020,2,8,11,33,38,12
Baloto,2004,22/07/2020,2,9,11,15,26,7
Revancha,2003,18/07/2020,9,22,23,28,32,7
Baloto,2003,18/07/2020,19,20,30,34,39,11
Revancha,2002,15/07/2020,5,11,20,33,38,2
Baloto,2002,15/07/2020,7,9,15,20,23,13
Revancha,2001,11/07/2020,1,2,13,34,41,8
Baloto,2001,11/07/2020,1,3,13,24,35,11
Revancha,2000,08/07/2020,25,26,28,31,41,1
Baloto,2000,08/07/2020,6,9,11,32,37,14
Revancha,1999,04/07/2020,1,4,18,29,41,7
Baloto,1999,04/07/2020,6,12,22,32,41,11
Revancha,1998,01/07/2020,10,21,27,30,37,6
Baloto,1998,01/07/2020,4,9,10,13,27,11
Revancha,1997,27/06/2020,8,13,25,31,33,10
Baloto,1997,27/06/2020,4,8,30,31,41,3
Revancha,1996,24/06/2020,17,20,22,24,27,10
Baloto,1996,24/06/2020,6,15,22,23,42,8
Revancha,1995,20/06/2020,7,9,17,19,31,6
Baloto,1995,20/06/2020,11,20,23,33,43,6
Revancha,1994,17/06/2020,13,15,22,37,38,16
Baloto,1994,17/06/2020,17,19,25,26,27,2
Revancha,1993,13/06/2020,2,9,21,42,43,16
Baloto,1993,13/06/2020,4,10,13,16,34,13
Revancha,1992,10/06/2020,17,18,21,41,42,10
Baloto,1992,10/06/2020,5,7,20,22,31,9
Revancha,1991,06/06/2020,1,24,33,36,43,10
Baloto,1991,06/06/2020,20,26,30,34,40,4
Revancha,1990,03/06/2020,17,23,25,28,30,7
Baloto,1990,03/06/2020,15,17,20,39,42,9
Revancha,1989,30/05/2020,1,9,12,31,42,1
Baloto,1989,30/05/2020,14,15,18,27,42,1
Revancha,1988,27/05/2020,4,11,14,25,37,8
Baloto,1988,27/05/2020,6,11,17,19,23,1
Revancha,1987,23/05/2020,12,29,31,38,39,12
Baloto,1987,23/05/2020,2,8,16,24,41,16
Revancha,1986,20/05/2020,13,18,24,30,33,13
Baloto,1986,20/05/2020,3,4,13,16,30,2
Revancha,1985,16/05/2020,2,9,12,34,37,7
Baloto,1985,16/05/2020,4,5,11,20,33,13
Revancha,1984,13/05/2020,13,14,27,29,32,12
Baloto,1984,13/05/2020,18,21,27,29,39,3
Revancha,1983,09/05/2020,7,9,15,18,32,10
Baloto,1983,09/05/2020,2,18,20,22,24,10
Revancha,1982,06/05/2020,3,4,16,22,26,16
Baloto,1982,06/05/2020,3,10,12,18,26,13
Revancha,1981,02/05/2020,17,25,32,37,42,16
Baloto,1981,02/05/2020,7,19,23,35,37,14
Revancha,1980,29/04/2020,7,10,27,37,38,4
Baloto,1980,29/04/2020,1,27,34,38,40,4
Revancha,1979,25/04/2020,18,21,26,34,36,15
Baloto,1979,25/04/2020,5,6,17,21,39,13
Revancha,1978,22/04/2020,3,6,9,13,28,5
Baloto,1978,22/04/2020,8,11,12,14,29,7
Revancha,1977,18/04/2020,3,26,33,34,37,5
Baloto,1977,18/04/2020,16,20,31,35,37,3
Revancha,1976,15/04/2020,4,15,25,36,38,14
Baloto,1976,15/04/2020,6,7,10,23,43,14
Revancha,1975,11/04/2020,15,17,18,29,30,2
Baloto,1975,11/04/2020,3,12,24,25,29,9
Revancha,1974,08/04/2020,6,17,32,42,43,13
Baloto,1974,08/04/2020,6,8,20,26,31,16
Revancha,1973,04/04/2020,2,7,11,14,41,10
Baloto,1973,04/04/2020,19,31,39,41,43,7
Revancha,1972,01/04/2020,1,4,10,24,28,3
Baloto,1972,01/04/2020,4,7,16,20,26,16
Revancha,1971,28/03/2020,17,27,35,36,43,10
Baloto,1971,28/03/2020,4,7,11,14,22,7
Revancha,1970,25/03/2020,2,11,28,39,42,14
Baloto,1970,25/03/2020,5,6,11,22,36,16
Revancha,1969,21/03/2020,5,7,11,17,22,13
Baloto,1969,21/03/2020,2,3,5,19,29,11
Revancha,1968,18/03/2020,7,15,31,37,42,6
Baloto,1968,18/03/2020,23,25,27,32,35,13
Revancha,1967,14/03/2020,1,4,25,27,29,6
Baloto,1967,14/03/2020,5,14,16,17,23,4
Revancha,1966,11/03/2020,1,22,29,41,43,9
Baloto,1966,11/03/2020,5,11,16,21,23,3
Revancha,1965,07/03/2020,7,10,32,37,41,11
Baloto,1965,07/03/2020,3,12,21,37,39,8
Revancha,1964,04/03/2020,1,9,12,19,37,13
Baloto,1964,04/03/2020,12,15,25,38,43,10
Revancha,1963,29/02/2020,12,21,32,41,42,12
Baloto,1963,29/02/2020,9,11,20,21,22,14
Revancha,1962,26/02/2020,5,24,26,38,43,4
Baloto,1962,26/02/2020,2,4,8,10,38,12
Revancha,1961,22/02/2020,9,12,13,22,40,11
Baloto,1961,22/02/2020,2,15,31,34,39,1
Revancha,1960,19/02/2020,3,4,6,12,32,8
Baloto,1960,19/02/2020,10,13,32,35,37,10
Revancha,1959,15/02/2020,2,16,21,23,38,12
Baloto,1959,15/02/2020,12,15,23,25,37,6
Revancha,1958,12/02/2020,7,16,18,35,43,2
Baloto,1958,12/02/2020,15,23,31,34,38,6
Revancha,1957,08/02/2020,2,15,18,21,39,2
Baloto,1957,08/02/2020,18,21,25,33,37,6
Revancha,1956,05/02/2020,23,25,31,32,35,12
Baloto,1956,05/02/2020,13,16,34,41,42,1
Revancha,1955,01/02/2020,4,6,9,18,25,14
Baloto,1955,01/02/2020,19,27,32,36,42,16
Revancha,1954,29/01/2020,3,10,12,18,29,8
Baloto,1954,29/01/2020,2,12,23,25,28,7
Revancha,1953,25/01/2020,4,11,26,28,37,16
Baloto,1953,25/01/2020,3,6,8,9,22,15
Revancha,1952,22/01/2020,2,5,13,17,38,15
Baloto,1952,22/01/2020,9,13,15,24,26,3
Revancha,1951,18/01/2020,1,7,8,9,30,2
Baloto,1951,18/01/2020,2,16,26,29,36,4
Revancha,1950,15/01/2020,4,17,20,26,33,6
Baloto,1950,15/01/2020,6,10,14,16,21,12
Revancha,1949,11/01/2020,6,8,11,17,20,2
Baloto,1949,11/01/2020,14,20,23,29,35,15
Revancha,1948,08/01/2020,11,21,27,29,30,4
Baloto,1948,08/01/2020,7,9,10,13,38,4
Revancha,1947,04/01/2020,15,18,21,26,29,3
Baloto,1947,04/01/2020,9,16,19,28,43,9
Revancha,1946,01/01/2020,5,9,26,33,41,2
Baloto,1946,01/01/2020,6,24,27,30,34,4
Revancha,1945,28/12/2019,3,4,6,10,18,8
Baloto,1945,28/12/2019,7,14,16,27,34,16
Revancha,1944,25/12/2019,1,22,25,41,43,10
Baloto,1944,25/12/2019,1,2,10,15,27,12
Revancha,1943,21/12/2019,13,24,32,35,38,8
Baloto,1943,21/12/2019,16,19,20,37,40,15
Revancha,1942,18/12/2019,1,6,24,30,36,7
Baloto,1942,18/12/2019,5,19,20,26,30,11
Revancha,1941,14/12/2019,4,8,12,15,33,2
Baloto,1941,14/12/2019,5,18,21,27,37,12
Revancha,1940,11/12/2019,15,21,27,36,42,8
Baloto,1940,11/12/2019,10,12,24,25,31,2
Revancha,1939,07/12/2019,1,3,15,16,33,2
Baloto,1939,07/12/2019,7,11,17,24,37,4
Revancha,1938,04/12/2019,4,24,30,32,33,16
Baloto,1938,04/12/2019,5,17,18,28,34,3
Revancha,1937,30/11/2019,2,8,9,18,24,11
Baloto,1937,30/11/2019,11,17,23,32,34,6
Revancha,1936,27/11/2019,1,8,9,12,43,1
Baloto,1936,27/11/2019,4,8,30,39,40,10
Revancha,1935,23/11/2019,4,6,16,20,28,14
Baloto,1935,23/11/2019,21,26,35,38,41,3
Revancha,1934,20/11/2019,6,14,18,20,33,5
Baloto,1934,20/11/2019,6,26,28,35,41,5
Revancha,1933,16/11/2019,3,4,19,26,33,14
Baloto,1933,16/11/2019,1,2,5,17,38,7
Revancha,1932,13/11/2019,12,24,27,35,37,16
Baloto,1932,13/11/2019,1,9,21,24,34,13
Revancha,1931,09/11/2019,8,16,32,39,41,3
Baloto,1931,09/11/2019,4,16,19,32,42,13
Revancha,1930,06/11/2019,13,14,33,34,39,13
Baloto,1930,06/11/2019,2,19,36,39,43,10
Revancha,1929,02/11/2019,6,9,16,18,42,8
Baloto,1929,02/11/2019,8,23,25,28,38,11
Revancha,1928,30/10/2019,6,7,14,29,40,5
Baloto,1928,30/10/2019,10,14,23,29,41,14
Revancha,1927,26/10/2019,1,34,37,40,42,6
Baloto,1927,26/10/2019,9,10,20,25,42,3
Revancha,1926,23/10/2019,6,7,15,21,25,12
Baloto,1926,23/10/2019,8,9,22,28,31,3
Revancha,1925,19/10/2019,1,15,29,34,38,1
Baloto,1925,19/10/2019,1,5,7,14,31,5
Revancha,1924,16/10/2019,15,20,26,28,41,3
Baloto,1924,16/10/2019,6,11,24,42,43,2
Revancha,1923,12/10/2019,6,11,18,24,42,9
Baloto,1923,12/10/2019,1,9,13,28,30,10
Revancha,1922,09/10/2019,2,8,11,30,41,15
Baloto,1922,09/10/2019,3,4,22,32,37,4
Revancha,1921,05/10/2019,18,19,21,22,32,5
Baloto,1921,05/10/2019,5,14,26,28,35,7
Revancha,1920,02/10/2019,1,6,21,30,38,12
Baloto,1920,02/10/2019,18,24,26,30,33,16
Revancha,1919,28/09/2019,5,25,27,29,41,3
Baloto,1919,28/09/2019,10,16,21,26,32,9
Revancha,1918,25/09/2019,4,9,16,18,42,5
Baloto,1918,25/09/2019,7,9,18,33,37,14
Revancha,1917,21/09/2019,11,19,21,35,39,10
Baloto,1917,21/09/2019,4,14,23,35,37,9
Revancha,1916,18/09/2019,9,11,28,40,41,7
Baloto,1916,18/09/2019,8,14,16,29,38,12
Revancha,1915,14/09/2019,3,17,20,23,29,3
Baloto,1915,14/09/2019,7,14,28,29,35,8
Revancha,1914,11/09/2019,8,18,24,35,37,2
Baloto,1914,11/09/2019,11,30,32,36,37,4
Revancha,1913,07/09/2019,3,15,18,19,35,10
Baloto,1913,07/09/2019,6,11,27,29,32,1
Revancha,1912,04/09/2019,13,25,33,36,42,16
Baloto,1912,04/09/2019,1,4,23,32,40,5
Revancha,1911,31/08/2019,9,12,19,21,32,15
Baloto,1911,31/08/2019,12,32,35,41,42,6
Revancha,1910,28/08/2019,9,25,28,37,39,6
Baloto,1910,28/08/2019,10,12,24,25,33,14
Revancha,1909,24/08/2019,8,9,16,20,21,4
Baloto,1909,24/08/2019,12,20,23,30,40,3
Revancha,1908,21/08/2019,25,26,38,39,40,4
Baloto,1908,21/08/2019,8,17,32,34,43,11
Revancha,1907,17/08/2019,12,13,21,24,35,15
Baloto,1907,17/08/2019,1,5,14,18,37,4
Revancha,1906,14/08/2019,13,28,29,38,40,13
Baloto,1906,14/08/2019,12,26,28,41,43,1
Revancha,1905,10/08/2019,15,26,28,30,36,6
Baloto,1905,10/08/2019,11,12,16,34,36,11
Revancha,1904,07/08/2019,2,7,8,22,42,6
Baloto,1904,07/08/2019,5,7,20,21,29,2
Revancha,1903,03/08/2019,14,23,30,31,34,16
Baloto,1903,03/08/2019,6,8,10,20,23,11
Revancha,1902,31/07/2019,2,7,19,23,31,14
Baloto,1902,31/07/2019,24,26,29,30,38,5
Revancha,1901,27/07/2019,1,7,15,17,33,8
Baloto,1901,27/07/2019,22,26,28,37,42,4
Revancha,1900,24/07/2019,7,11,16,23,43,2
Baloto,1900,24/07/2019,3,24,27,33,35,3
Revancha,1899,20/07/2019,5,29,31,38,39,13
Baloto,1899,20/07/2019,10,16,17,28,43,13
Revancha,1898,17/07/2019,5,9,27,32,41,10
Baloto,1898,17/07/2019,2,14,29,30,36,10
Revancha,1897,13/07/2019,8,13,24,37,38,6
Baloto,1897,13/07/2019,16,18,21,25,37,13
Revancha,1896,10/07/2019,12,19,21,26,41,16
Baloto,1896,10/07/2019,13,20,21,31,39,11
Revancha,1895,06/07/2019,22,25,28,29,40,5
Baloto,1895,06/07/2019,1,7,9,20,30,13
Revancha,1894,03/07/2019,16,17,24,32,41,7
Baloto,1894,03/07/2019,18,20,27,28,31,3
Revancha,1893,29/06/2019,5,10,18,20,32,6
Baloto,1893,29/06/2019,9,11,25,34,37,9
Revancha,1892,26/06/2019,1,6,19,25,27,8
Baloto,1892,26/06/2019,6,21,23,36,39,13
Revancha,1891,22/06/2019,7,27,29,33,36,1
Baloto,1891,22/06/2019,6,7,9,12,18,14
Revancha,1890,19/06/2019,1,6,7,20,29,12
Baloto,1890,19/06/2019,10,18,21,25,41,12
Revancha,1889,15/06/2019,5,6,16,19,40,3
Baloto,1889,15/06/2019,12,23,25,28,36,13
Revancha,1888,12/06/2019,2,18,29,32,41,8
Baloto,1888,12/06/2019,5,22,26,39,40,11
Revancha,1887,08/06/2019,4,7,23,28,33,8
Baloto,1887,08/06/2019,9,22,25,35,37,3
Revancha,1886,05/06/2019,5,11,20,26,37,8
Baloto,1886,05/06/2019,2,12,14,21,38,5
Revancha,1885,01/06/2019,3,5,18,35,37,2
Baloto,1885,01/06/2019,3,14,15,34,37,16
Revancha,1884,29/05/2019,6,22,28,32,42,4
Baloto,1884,29/05/2019,1,4,31,36,41,6
Revancha,1883,25/05/2019,3,6,25,26,42,13
Baloto,1883,25/05/2019,15,16,20,30,37,3
Revancha,1882,22/05/2019,6,18,23,24,26,13
Baloto,1882,22/05/2019,7,10,13,16,34,9
Revancha,1881,18/05/2019,2,19,28,33,35,6
Baloto,1881,18/05/2019,1,2,27,35,36,9
Revancha,1880,15/05/2019,31,32,40,41,43,1
Baloto,1880,15/05/2019,1,14,24,30,33,2
Revancha,1879,11/05/2019,5,9,15,27,41,5
Baloto,1879,11/05/2019,3,4,5,34,43,1
Revancha,1878,08/05/2019,9,11,12,32,35,2
Baloto,1878,08/05/2019,11,17,30,32,42,12
Revancha,1877,04/05/2019,16,32,36,37,42,11
Baloto,1877,04/05/2019,10,13,15,19,22,13
Revancha,1876,01/05/2019,2,10,17,36,38,14
Baloto,1876,01/05/2019,3,14,21,24,27,8
Revancha,1875,27/04/2019,7,24,30,32,33,16
Baloto,1875,27/04/2019,20,23,30,35,42,9
Revancha,1874,24/04/2019,16,19,21,26,36,13
Baloto,1874,24/04/2019,8,13,16,31,39,7
Revancha,1873,20/04/2019,1,14,20,22,31,7
Baloto,1873,20/04/2019,3,5,13,38,39,7
Revancha,1872,17/04/2019,4,6,13,18,35,13
Baloto,1872,17/04/2019,6,14,22,29,42,12
Revancha,1871,13/04/2019,9,16,25,34,36,9
Baloto,1871,13/04/2019,4,10,27,30,36,14
Revancha,1870,10/04/2019,12,15,16,31,35,10
Baloto,1870,10/04/2019,10,20,21,27,34,13
Revancha,1869,06/04/2019,4,23,32,36,42,13
Baloto,1869,06/04/2019,4,12,36,38,41,14
Revancha,1868,03/04/2019,15,20,27,34,43,9
Baloto,1868,03/04/2019,16,20,21,37,39,5
Revancha,1867,30/03/2019,9,15,19,33,37,11
Baloto,1867,30/03/2019,14,15,26,29,35,2
Revancha,1866,27/03/2019,3,4,16,29,39,2
Baloto,1866,27/03/2019,2,5,14,16,40,4
Revancha,1865,23/03/2019,3,8,10,13,18,14
Baloto,1865,23/03/2019,15,16,25,30,35,12
Revancha,1864,20/03/2019,1,2,15,20,30,14
Baloto,1864,20/03/2019,8,12,26,34,35,5
Revancha,1863,16/03/2019,6,9,25,35,43,12
Baloto,1863,16/03/2019,9,24,25,27,42,15
Revancha,1862,13/03/2019,3,5,19,27,31,6
Baloto,1862,13/03/2019,3,5,23,28,35,2
Revancha,1861,09/03/2019,1,14,17,26,38,3
Baloto,1861,09/03/2019,4,20,30,36,37,1
Revancha,1860,06/03/2019,4,9,27,30,33,15
Baloto,1860,06/03/2019,6,8,14,32,38,15
Revancha,1859,02/03/2019,10,11,21,35,37,15
Baloto,1859,02/03/2019,4,5,8,36,37,7
Revancha,1858,27/02/2019,6,16,29,34,39,12
Baloto,1858,27/02/2019,27,31,35,36,43,7
Revancha,1857,23/02/2019,9,10,15,30,31,12
Baloto,1857,23/02/2019,8,19,24,40,41,8
Revancha,1856,20/02/2019,11,20,26,30,33,10
Baloto,1856,20/02/2019,4,16,17,24,42,4
Revancha,1855,16/02/2019,16,18,20,22,29,1
Baloto,1855,16/02/2019,1,16,17,21,31,13
Revancha,1854,13/02/2019,6,7,12,26,43,5
Baloto,1854,13/02/2019,26,28,33,40,41,11
Revancha,1853,09/02/2019,1,13,19,22,37,6
Baloto,1853,09/02/2019,11,17,22,30,42,6
Revancha,1852,06/02/2019,9,13,18,30,33,4
Baloto,1852,06/02/2019,19,22,30,35,42,16
Revancha,1851,02/02/2019,1,3,19,20,37,4
Baloto,1851,02/02/2019,3,12,26,27,32,6
Revancha,1850,30/01/2019,4,6,15,37,42,2
Baloto,1850,30/01/2019,13,19,21,31,42,10
Revancha,1849,26/01/2019,1,9,11,27,36,16
Baloto,1849,26/01/2019,4,7,22,27,31,4
Revancha,1848,23/01/2019,4,15,34,41,43,8
Baloto,1848,23/01/2019,7,9,16,38,40,8
Revancha,1847,19/01/2019,13,14,18,35,36,9
Baloto,1847,19/01/2019,6,17,23,29,42,16
Revancha,1846,16/01/2019,3,10,19,23,26,10
Baloto,1846,16/01/2019,8,18,19,23,36,13
Revancha,1845,12/01/2019,14,19,20,21,32,16
Baloto,1845,12/01/2019,13,16,18,20,36,8
Revancha,1844,09/01/2019,17,23,35,40,42,16
Baloto,1844,09/01/2019,12,21,25,30,34,11
Revancha,1843,05/01/2019,9,14,21,34,36,16
Baloto,1843,05/01/2019,14,27,31,33,40,2
Revancha,1842,02/01/2019,2,10,21,27,29,14
Baloto,1842,02/01/2019,3,8,10,16,37,7
Revancha,1841,29/12/2018,4,11,31,34,38,13
Baloto,1841,29/12/2018,2,17,31,39,41,8
Revancha,1840,26/12/2018,2,8,22,24,27,10
Baloto,1840,26/12/2018,20,32,33,35,37,16
Revancha,1839,22/12/2018,11,20,21,26,40,11
Baloto,1839,22/12/2018,10,30,31,34,39,5
Revancha,1838,19/12/2018,3,9,26,33,39,11
Baloto,1838,19/12/2018,10,22,24,26,36,7
Revancha,1837,15/12/2018,8,9,18,36,40,4
Baloto,1837,15/12/2018,5,19,24,25,36,15
Revancha,1836,12/12/2018,3,4,24,26,37,7
Baloto,1836,12/12/2018,1,7,9,28,35,9
Revancha,1835,08/12/2018,19,31,32,39,42,10
Baloto,1835,08/12/2018,4,14,16,23,38,2
Revancha,1834,05/12/2018,2,6,20,26,32,15
Baloto,1834,05/12/2018,11,13,30,32,33,16
Revancha,1833,01/12/2018,11,16,21,27,40,11
Baloto,1833,01/12/2018,4,7,10,16,19,13
Revancha,1832,28/11/2018,8,16,18,21,30,15
Baloto,1832,28/11/2018,9,23,24,26,33,4
Revancha,1831,24/11/2018,10,14,21,22,39,11
Baloto,1831,24/11/2018,4,11,27,29,31,15
Revancha,1830,21/11/2018,16,20,26,30,31,3
Baloto,1830,21/11/2018,19,32,35,41,42,10
Revancha,1829,17/11/2018,14,27,37,40,42,1
Baloto,1829,17/11/2018,2,3,6,37,42,9
Revancha,1828,14/11/2018,22,37,39,40,43,2
Baloto,1828,14/11/2018,10,11,33,38,42,6
Revancha,1827,10/11/2018,9,20,35,40,41,3
Baloto,1827,10/11/2018,6,13,17,36,41,9
Revancha,1826,07/11/2018,11,15,20,21,23,10
Baloto,1826,07/11/2018,4,8,9,28,33,5
Revancha,1825,03/11/2018,9,23,29,30,34,6
Baloto,1825,03/11/2018,5,9,21,27,37,3
Revancha,1824,31/10/2018,5,20,26,31,34,14
Baloto,1824,31/10/2018,9,24,30,36,37,3
Revancha,1823,27/10/2018,2,9,13,16,32,12
Baloto,1823,27/10/2018,12,15,24,33,41,4
Revancha,1822,24/10/2018,5,19,20,35,36,6
Baloto,1822,24/10/2018,6,12,21,29,43,12
Revancha,1821,20/10/2018,5,8,9,13,32,15
Baloto,1821,20/10/2018,8,14,17,29,36,10
Revancha,1820,17/10/2018,2,8,12,16,32,13
Baloto,1820,17/10/2018,21,24,26,34,42,9
Revancha,1819,13/10/2018,5,10,24,29,39,5
Baloto,1819,13/10/2018,5,16,24,25,42,2
Revancha,1818,10/10/2018,2,3,10,29,39,5
Baloto,1818,10/10/2018,5,24,26,41,43,6
Revancha,1817,06/10/2018,3,18,23,28,40,2
Baloto,1817,06/10/2018,11,23,28,29,39,15
Revancha,1816,03/10/2018,6,7,19,21,43,10
Baloto,1816,03/10/2018,6,12,28,35,39,10
Revancha,1815,29/09/2018,12,22,24,32,34,9
Baloto,1815,29/09/2018,8,24,26,28,29,13
Revancha,1814,26/09/2018,4,19,22,23,42,9
Baloto,1814,26/09/2018,3,17,31,35,42,7
Revancha,1813,22/09/2018,3,13,20,21,33,13
Baloto,1813,22/09/2018,3,5,9,19,30,7
Revancha,1812,19/09/2018,12,30,31,41,42,6
Baloto,1812,19/09/2018,3,9,22,23,38,11
Revancha,1811,15/09/2018,2,5,16,23,43,4
Baloto,1811,15/09/2018,3,24,25,31,41,9
Revancha,1810,12/09/2018,5,24,33,34,35,1
Baloto,1810,12/09/2018,12,16,27,37,43,3
Revancha,1809,08/09/2018,1,10,19,28,40,12
Baloto,1809,08/09/2018,2,32,35,39,41,8
Revancha,1808,05/09/2018,5,27,30,40,41,4
Baloto,1808,05/09/2018,4,8,16,19,20,8
Revancha,1807,01/09/2018,2,6,10,14,17,14
Baloto,1807,01/09/2018,9,19,29,31,40,1
Revancha,1806,29/08/2018,7,9,10,22,42,2
Baloto,1806,29/08/2018,2,6,15,24,25,11
Revancha,1805,25/08/2018,4,24,26,27,33,8
Baloto,1805,25/08/2018,6,15,23,28,29,1
Revancha,1804,22/08/2018,6,11,18,29,33,5
Baloto,1804,22/08/2018,7,8,24,34,36,10
Revancha,1803,18/08/2018,4,9,17,39,42,16
Baloto,1803,18/08/2018,11,25,27,33,34,7
Revancha,1802,15/08/2018,13,24,29,30,37,10
Baloto,1802,15/08/2018,15,16,20,29,35,16
Revancha,1801,11/08/2018,16,24,27,29,40,10
Baloto,1801,11/08/2018,10,11,12,29,40,2
Revancha,1800,08/08/2018,9,22,39,40,43,13
Baloto,1800,08/08/2018,7,19,33,34,35,2
Revancha,1799,04/08/2018,9,10,13,15,32,3
Baloto,1799,04/08/2018,2,12,14,20,24,11
Revancha,1798,01/08/2018,6,28,34,42,43,12
Baloto,1798,01/08/2018,20,22,25,36,42,5
Revancha,1797,28/07/2018,9,26,39,42,43,3
Baloto,1797,28/07/2018,6,10,23,38,43,10
Revancha,1796,25/07/2018,10,17,19,39,43,11
Baloto,1796,25/07/2018,5,7,22,41,42,13
Revancha,1795,21/07/2018,19,22,24,25,27,2
Baloto,1795,21/07/2018,3,16,29,34,40,6
Revancha,1794,18/07/2018,6,7,22,29,33,6
Baloto,1794,18/07/2018,10,21,31,33,39,2
Revancha,1793,14/07/2018,3,29,30,36,38,7
Baloto,1793,14/07/2018,5,6,19,40,42,13
Revancha,1792,11/07/2018,3,4,20,29,30,12
Baloto,1792,11/07/2018,4,18,23,33,38,3
Revancha,1791,07/07/2018,5,10,29,31,41,10
Baloto,1791,07/07/2018,21,37,40,41,42,11
Revancha,1790,04/07/2018,12,30,32,37,41,15
Baloto,1790,04/07/2018,10,12,13,17,39,3
Revancha,1789,30/06/2018,7,10,16,23,42,5
Baloto,1789,30/06/2018,8,13,33,34,41,12
Revancha,1788,27/06/2018,11,15,20,22,26,3
Baloto,1788,27/06/2018,16,26,28,34,38,3
Revancha,1787,23/06/2018,6,24,28,30,40,4
Baloto,1787,23/06/2018,2,8,19,21,26,6
Revancha,1786,20/06/2018,5,21,26,28,37,14
Baloto,1786,20/06/2018,2,3,5,26,28,15
Revancha,1785,16/06/2018,15,25,33,35,36,12
Baloto,1785,16/06/2018,1,8,12,28,32,5
Revancha,1784,13/06/2018,9,14,17,19,20,11
Baloto,1784,13/06/2018,3,4,15,26,39,1
Revancha,1783,09/06/2018,8,19,28,32,38,10
Baloto,1783,09/06/2018,8,14,18,27,33,12
Revancha,1782,06/06/2018,28,29,32,39,43,15
Baloto,1782,06/06/2018,4,6,10,11,40,9
Revancha,1781,02/06/2018,11,20,21,22,24,3
Baloto,1781,02/06/2018,6,14,25,27,34,15
Revancha,1780,30/05/2018,5,10,26,37,43,1
Baloto,1780,30/05/2018,1,12,20,22,23,5
Revancha,1779,26/05/2018,2,12,18,39,43,9
Baloto,1779,26/05/2018,8,15,18,28,37,1
Revancha,1778,23/05/2018,7,15,23,31,43,12
Baloto,1778,23/05/2018,7,14,23,33,37,5
Revancha,1777,19/05/2018,4,19,23,28,43,10
Baloto,1777,19/05/2018,8,22,36,38,43,14
Revancha,1776,16/05/2018,6,7,9,24,28,2
Baloto,1776,16/05/2018,5,6,10,24,31,3
Revancha,1775,12/05/2018,7,21,27,28,43,9
Baloto,1775,12/05/2018,15,22,27,29,30,13
Revancha,1774,09/05/2018,7,8,14,36,42,14
Baloto,1774,09/05/2018,19,30,33,34,39,14
Revancha,1773,05/05/2018,21,36,38,40,41,13
Baloto,1773,05/05/2018,5,9,10,21,39,9
Revancha,1772,02/05/2018,5,7,28,29,32,3
Baloto,1772,02/05/2018,2,4,30,31,42,13
Revancha,1771,28/04/2018,3,15,29,33,40,10
Baloto,1771,28/04/2018,5,24,29,31,33,4
Revancha,1770,25/04/2018,4,9,17,27,34,4
Baloto,1770,25/04/2018,2,16,21,23,38,6
Revancha,1769,21/04/2018,2,8,9,12,43,1
Baloto,1769,21/04/2018,1,9,10,18,39,9
Revancha,1768,18/04/2018,5,14,15,36,38,11
Baloto,1768,18/04/2018,4,9,16,22,37,7
Revancha,1767,14/04/2018,6,14,41,42,43,1
Baloto,1767,14/04/2018,4,8,13,18,26,15
Revancha,1766,11/04/2018,7,16,24,29,35,12
Baloto,1766,11/04/2018,3,18,24,27,40,7
Revancha,1765,07/04/2018,7,10,27,38,42,16
Baloto,1765,07/04/2018,9,24,25,30,35,14
Revancha,1764,04/04/2018,3,7,8,20,32,8
Baloto,1764,04/04/2018,8,9,20,27,42,2
Revancha,1763,31/03/2018,5,15,40,41,42,15
Baloto,1763,31/03/2018,2,7,15,31,40,11
Revancha,1762,28/03/2018,17,24,25,30,38,12
Baloto,1762,28/03/2018,1,6,17,26,35,4
Revancha,1761,24/03/2018,5,10,15,26,30,12
Baloto,1761,24/03/2018,11,17,19,22,31,4
Revancha,1760,21/03/2018,9,24,33,34,35,9
Baloto,1760,21/03/2018,6,12,19,21,27,7
Revancha,1759,17/03/2018,3,20,24,29,38,5
Baloto,1759,17/03/2018,7,9,41,42,43,2
Revancha,1758,14/03/2018,13,15,23,39,41,9
Baloto,1758,14/03/2018,4,19,32,37,39,8
Revancha,1757,10/03/2018,2,18,19,26,43,1
Baloto,1757,10/03/2018,7,16,23,25,37,10
Revancha,1756,07/03/2018,13,17,20,25,30,16
Baloto,1756,07/03/2018,5,20,23,29,38,14
Revancha,1755,03/03/2018,1,17,19,30,43,6
Baloto,1755,03/03/2018,10,15,30,32,38,9
Revancha,1754,28/02/2018,6,11,12,25,40,8
Baloto,1754,28/02/2018,10,16,27,28,34,6
Revancha,1753,24/02/2018,3,4,19,21,23,12
Baloto,1753,24/02/2018,7,11,20,29,41,1
Revancha,1752,21/02/2018,6,15,16,19,41,14
Baloto,1752,21/02/2018,3,32,35,40,41,3
Revancha,1751,17/02/2018,6,22,25,35,42,11
Baloto,1751,17/02/2018,5,17,22,31,40,13
Revancha,1750,14/02/2018,1,10,27,30,34,5
Baloto,1750,14/02/2018,7,22,29,33,38,4
Revancha,1749,10/02/2018,3,10,32,42,43,5
Baloto,1749,10/02/2018,3,21,25,27,31,13
Revancha,1748,07/02/2018,13,16,21,25,37,8
Baloto,1748,07/02/2018,22,23,25,35,36,15
Revancha,1747,03/02/2018,10,29,32,38,43,16
Baloto,1747,03/02/2018,1,18,19,22,33,10
Revancha,1746,31/01/2018,5,9,18,33,39,14
Baloto,1746,31/01/2018,10,16,25,30,36,7
Revancha,1745,27/01/2018,18,19,27,31,33,16
Baloto,1745,27/01/2018,8,10,15,30,42,16
Revancha,1744,24/01/2018,1,11,20,27,36,3
Baloto,1744,24/01/2018,2,8,19,29,32,8
Revancha,1743,20/01/2018,4,14,18,29,41,5
Baloto,1743,20/01/2018,4,13,24,27,34,16
Revancha,1742,17/01/2018,1,8,21,26,33,15
Baloto,1742,17/01/2018,3,6,21,30,36,9
Revancha,1741,13/01/2018,11,19,22,27,32,13
Baloto,1741,13/01/2018,21,22,23,27,31,4
Revancha,1740,10/01/2018,12,28,32,38,41,3
Baloto,1740,10/01/2018,12,29,31,34,42,9
Revancha,1739,06/01/2018,2,15,18,37,38,2
Baloto,1739,06/01/2018,2,17,21,28,39,3
Revancha,1738,03/01/2018,6,29,32,33,35,2
Baloto,1738,03/01/2018,8,20,26,29,30,9
Revancha,1737,30/12/2017,4,5,10,11,20,10
Baloto,1737,30/12/2017,8,10,15,35,42,9
Revancha,1736,27/12/2017,13,17,38,41,43,14
Baloto,1736,27/12/2017,3,5,15,19,30,8
Revancha,1735,23/12/2017,1,27,29,31,39,10
Baloto,1735,23/12/2017,5,11,12,16,36,6
Revancha,1734,20/12/2017,7,14,17,40,41,3
Baloto,1734,20/12/2017,20,28,29,37,38,2
Revancha,1733,16/12/2017,15,27,36,39,40,13
Baloto,1733,16/12/2017,6,10,16,20,37,4
Revancha,1732,13/12/2017,5,8,26,32,37,2
Baloto,1732,13/12/2017,4,12,17,22,29,16
Revancha,1731,09/12/2017,1,7,19,31,37,16
Baloto,1731,09/12/2017,4,9,19,36,41,16
Revancha,1730,06/12/2017,1,9,18,20,35,2
Baloto,1730,06/12/2017,7,13,15,19,24,6
Revancha,1729,02/12/2017,14,18,31,34,38,10
Baloto,1729,02/12/2017,8,12,13,21,35,7
Revancha,1728,29/11/2017,15,17,18,20,30,4
Baloto,1728,29/11/2017,22,23,28,34,36,12
Revancha,1727,25/11/2017,16,20,24,38,43,16
Baloto,1727,25/11/2017,2,6,15,19,29,13
Revancha,1726,22/11/2017,16,27,31,32,36,16
Baloto,1726,22/11/2017,1,6,13,34,36,8
Revancha,1725,18/11/2017,14,17,18,22,23,9
Baloto,1725,18/11/2017,2,12,21,22,32,16
Revancha,1724,15/11/2017,6,16,18,29,30,13
Baloto,1724,15/11/2017,18,21,28,30,38,8
Revancha,1723,11/11/2017,12,18,28,34,42,16
Baloto,1723,11/11/2017,7,24,28,30,41,5
Revancha,1722,08/11/2017,1,22,27,33,42,16
Baloto,1722,08/11/2017,23,24,28,35,43,3
Revancha,1721,04/11/2017,7,8,20,37,39,2
Baloto,1721,04/11/2017,5,13,26,38,41,8
Revancha,1720,01/11/2017,2,7,20,37,38,13
Baloto,1720,01/11/2017,8,11,17,24,39,6
Revancha,1719,28/10/2017,8,14,31,37,43,15
Baloto,1719,28/10/2017,2,10,13,16,40,5
Revancha,1718,25/10/2017,2,3,5,15,42,8
Baloto,1718,25/10/2017,2,4,6,31,35,12
Revancha,1717,21/10/2017,18,21,22,25,27,9
Baloto,1717,21/10/2017,4,14,17,21,25,15
Revancha,1716,18/10/2017,6,9,28,30,42,6
Baloto,1716,18/10/2017,2,26,35,38,40,1
Revancha,1715,14/10/2017,11,22,26,30,43,5
Baloto,1715,14/10/2017,2,15,18,28,32,13
Revancha,1714,11/10/2017,15,25,27,35,39,16
Baloto,1714,11/10/2017,1,23,25,31,37,10
Revancha,1713,07/10/2017,4,14,25,27,38,1
Baloto,1713,07/10/2017,5,10,14,22,27,15
Revancha,1712,04/10/2017,6,9,10,15,35,13
Baloto,1712,04/10/2017,5,16,18,19,22,11
Revancha,1711,30/09/2017,16,18,32,34,41,15
Baloto,1711,30/09/2017,11,16,17,29,31,9
Revancha,1710,27/09/2017,28,29,33,36,40,15
Baloto,1710,27/09/2017,30,34,36,39,43,11
Revancha,1709,23/09/2017,4,8,16,30,36,5
Baloto,1709,23/09/2017,7,12,15,28,34,15
Revancha,1708,20/09/2017,10,16,26,32,42,1
Baloto,1708,20/09/2017,13,27,30,37,41,13
Revancha,1707,16/09/2017,2,3,16,31,40,3
Baloto,1707,16/09/2017,6,13,15,16,20,5
Revancha,1706,13/09/2017,19,33,40,41,43,11
Baloto,1706,13/09/2017,11,14,29,31,33,3
Revancha,1705,09/09/2017,21,28,38,39,42,15
Baloto,1705,09/09/2017,1,19,20,26,36,7
Revancha,1704,06/09/2017,12,25,37,40,43,10
Baloto,1704,06/09/2017,9,13,19,26,36,14
Revancha,1703,02/09/2017,8,20,27,33,43,11
Baloto,1703,02/09/2017,5,22,28,40,43,11
Revancha,1702,30/08/2017,1,13,34,35,43,12
Baloto,1702,30/08/2017,3,13,17,25,37,14
Revancha,1701,26/08/2017,21,23,28,33,39,4
Baloto,1701,26/08/2017,3,7,17,38,39,14
Revancha,1700,23/08/2017,2,8,17,22,35,6
Baloto,1700,23/08/2017,5,18,23,33,42,13
Revancha,1699,19/08/2017,2,13,15,26,43,11
Baloto,1699,19/08/2017,13,15,20,23,30,8
Revancha,1698,16/08/2017,3,7,11,18,25,16
Baloto,1698,16/08/2017,2,12,22,27,43,8
Revancha,1697,12/08/2017,10,16,27,36,40,6
Baloto,1697,12/08/2017,7,14,16,23,43,12
Revancha,1696,09/08/2017,3,9,20,24,28,2
Baloto,1696,09/08/2017,3,5,10,24,35,5
Revancha,1695,05/08/2017,1,11,28,29,36,4
Baloto,1695,05/08/2017,1,3,9,22,41,9
Revancha,1694,02/08/2017,4,6,17,28,41,9
Baloto,1694,02/08/2017,14,17,22,39,41,16
Revancha,1693,29/07/2017,7,8,10,18,36,10
Baloto,1693,29/07/2017,7,9,20,36,43,9
Revancha,1692,26/07/2017,20,29,35,40,42,1
Baloto,1692,26/07/2017,5,16,19,23,24,6
Revancha,1691,22/07/2017,5,14,17,33,35,5
Baloto,1691,22/07/2017,1,5,21,30,40,4
Revancha,1690,19/07/2017,9,20,26,42,43,15
Baloto,1690,19/07/2017,14,16,17,21,43,9
Revancha,1689,15/07/2017,6,27,38,40,43,11
Baloto,1689,15/07/2017,8,16,26,37,38,2
Revancha,1688,12/07/2017,4,5,6,12,33,3
Baloto,1688,12/07/2017,4,21,31,33,38,6
Revancha,1687,08/07/2017,4,10,13,14,19,2
Baloto,1687,08/07/2017,17,19,25,28,30,16
Revancha,1686,05/07/2017,4,11,14,25,26,1
Baloto,1686,05/07/2017,6,11,16,27,32,16
Revancha,1685,01/07/2017,4,7,35,36,42,1
Baloto,1685,01/07/2017,5,12,16,18,30,15
Revancha,1684,28/06/2017,9,13,16,29,35,14
Baloto,1684,28/06/2017,4,7,22,26,42,4
Revancha,1683,24/06/2017,23,27,28,30,43,2
Baloto,1683,24/06/2017,7,13,16,27,31,4
Revancha,1682,21/06/2017,9,14,32,35,43,16
Baloto,1682,21/06/2017,3,5,16,22,33,9
Revancha,1681,17/06/2017,1,4,5,15,41,3
Baloto,1681,17/06/2017,2,15,22,36,38,8
Revancha,1680,14/06/2017,8,15,16,29,34,3
Baloto,1680,14/06/2017,20,24,26,42,43,15
Revancha,1679,10/06/2017,14,17,28,34,39,7
Baloto,1679,10/06/2017,9,31,35,36,43,6
Revancha,1678,07/06/2017,4,6,16,32,37,3
Baloto,1678,07/06/2017,2,8,20,24,32,8
Revancha,1677,03/06/2017,1,11,34,35,39,11
Baloto,1677,03/06/2017,10,13,33,39,41,12
Revancha,1676,31/05/2017,7,12,17,33,41,10
Baloto,1676,31/05/2017,8,11,19,28,30,1
Revancha,1675,27/05/2017,1,8,18,35,36,11
Baloto,1675,27/05/2017,5,25,28,30,39,9
Revancha,1674,24/05/2017,4,6,8,10,41,6
Baloto,1674,24/05/2017,9,15,24,26,38,16
Revancha,1673,20/05/2017,16,17,35,36,38,14
Baloto,1673,20/05/2017,10,17,26,30,42,5
Revancha,1672,17/05/2017,5,14,21,37,42,16
Baloto,1672,17/05/2017,3,4,15,21,26,9
Revancha,1671,13/05/2017,11,18,25,30,41,8
Baloto,1671,13/05/2017,5,11,39,41,42,8
Revancha,1670,10/05/2017,11,14,23,24,43,9
Baloto,1670,10/05/2017,7,18,25,30,41,12
Revancha,1669,06/05/2017,3,6,15,19,43,8
Baloto,1669,06/05/2017,13,24,37,40,41,3
Revancha,1668,03/05/2017,6,8,25,30,35,10
Baloto,1668,03/05/2017,7,17,23,25,39,2
Revancha,1667,29/04/2017,7,10,14,18,22,3
Baloto,1667,29/04/2017,1,11,18,29,38,14
Revancha,1666,26/04/2017,13,27,35,36,42,8
Baloto,1666,26/04/2017,2,3,6,14,15,1
Revancha,1665,22/04/2017,6,7,9,35,38,14
Baloto,1665,22/04/2017,2,8,16,18,41,8
